_index	Louvain clustering (resolution=2.0)	CD3D
AAACATACAACCAC-1	Cluster 14	2.863463
AAACATTGAGCTAC-1	Cluster 1	0.0
AAACATTGATCAGC-1	Cluster 12	3.4890895
AAACCGTGCTTCCG-1	Cluster 9	0.0
AAACCGTGTATGCG-1	Cluster 3	0.0
AAACGCACTGGTAC-1	Cluster 12	1.7265224
AAACGCTGACCAGT-1	Cluster 14	2.3215222
AAACGCTGGTTCTT-1	Cluster 14	2.6584632
AAACGCTGTAGCCA-1	Cluster 14	2.1789465
AAACGCTGTTTCTG-1	Cluster 8	0.0
AAACTTGAAAAACG-1	Cluster 1	0.0
AAACTTGATCCAGA-1	Cluster 6	2.236574
AAAGAGACGAGATA-1	Cluster 15	3.4019158
AAAGAGACGCGAGA-1	Cluster 5	1.4576794
AAAGAGACGGACTT-1	Cluster 10	0.0
AAAGAGACGGCATT-1	Cluster 13	0.0
AAAGCAGATATCGG-1	Cluster 9	0.0
AAAGCCTGTATGCG-1	Cluster 16	2.0577414
AAAGGCCTGTCTAG-1	Cluster 1	1.9503806
AAAGTTTGATCACG-1	Cluster 1	0.0
AAAGTTTGGGGTGA-1	Cluster 1	0.0
AAAGTTTGTAGAGA-1	Cluster 6	0.0
AAAGTTTGTAGCGT-1	Cluster 5	0.0
AAATCAACAATGCC-1	Cluster 1	0.0
AAATCAACACCAGT-1	Cluster 13	3.100831
AAATCAACCAGGAG-1	Cluster 13	2.726585
AAATCAACCCTATT-1	Cluster 8	1.0154347
AAATCAACGGAAGC-1	Cluster 13	2.734158
AAATCAACTCGCAA-1	Cluster 12	1.5164863
AAATCATGACCACA-1	Cluster 8	0.0
AAATCCCTCCACAA-1	Cluster 6	3.0874224
AAATCCCTGCTATG-1	Cluster 1	0.0
AAATGTTGAACGAA-1	Cluster 5	0.0
AAATGTTGCCACAA-1	Cluster 15	2.5142376
AAATGTTGTGGCAT-1	Cluster 9	0.0
AAATTCGAAGGTTC-1	Cluster 4	1.5365024
AAATTCGAATCACG-1	Cluster 5	0.0
AAATTCGAGCTGAT-1	Cluster 8	0.0
AAATTCGAGGAGTG-1	Cluster 13	3.0505743
AAATTCGATTCTCA-1	Cluster 3	0.0
AAATTGACACGACT-1	Cluster 14	2.248991
AAATTGACTCGCTC-1	Cluster 14	2.2816164
AACAAACTCATTTC-1	Cluster 6	2.692448
AACAAACTTTCGTT-1	Cluster 16	0.0
AACAATACGACGAG-1	Cluster 12	2.3519182
AACACGTGCAGAGG-1	Cluster 6	3.3590674
AACACGTGGAAAGT-1	Cluster 6	2.1516209
AACACGTGGAACCT-1	Cluster 5	0.0
AACACGTGGCTACA-1	Cluster 12	3.1619205
AACACGTGTACGAC-1	Cluster 8	0.0
AACAGCACAAGAGT-1	Cluster 5	0.0
AACATTGATGGGAG-1	Cluster 8	0.0
AACCAGTGATACCG-1	Cluster 8	0.0
AACCCAGATCGCTC-1	Cluster 13	2.894371
AACCGATGCTCCCA-1	Cluster 16	2.2736297
AACCGATGGTCATG-1	Cluster 1	0.0
AACCGATGTTCTAC-1	Cluster 5	0.0
AACCGCCTAGCGTT-1	Cluster 16	1.373458
AACCGCCTCTACGA-1	Cluster 9	0.0
AACCTACTGTGAGG-1	Cluster 9	0.0
AACCTACTGTGTTG-1	Cluster 6	2.1373136
AACCTTACGAGACG-1	Cluster 13	0.0
AACCTTACGCGAGA-1	Cluster 3	0.0
AACCTTACTAACGC-1	Cluster 8	0.0
AACCTTTGGACGGA-1	Cluster 16	3.008119
AACCTTTGTACGCA-1	Cluster 8	0.0
AACGCAACAAGTAG-1	Cluster 12	2.7499142
AACGCATGACCCAA-1	Cluster 16	2.104064
AACGCATGCCTTCG-1	Cluster 6	2.4395213
AACGCATGTACTTC-1	Cluster 16	2.0619218
AACGCCCTCGGGAA-1	Cluster 15	1.6084785
AACGCCCTCGTACA-1	Cluster 3	0.0
AACGCCCTGGCATT-1	Cluster 6	0.0
AACGTCGAGTATCG-1	Cluster 3	0.0
AACGTGTGAAAGCA-1	Cluster 13	0.0
AACGTGTGGCGGAA-1	Cluster 1	0.0
AACGTGTGTCCAAG-1	Cluster 16	2.945387
AACGTGTGTGCTTT-1	Cluster 12	2.428919
AACTACCTTAGAGA-1	Cluster 13	2.4363425
AACTCACTCAAGCT-1	Cluster 5	0.0
AACTCACTTGGAGG-1	Cluster 5	0.0
AACTCGGAAAGTGA-1	Cluster 14	1.861718
AACTCGGAAGGTCT-1	Cluster 9	0.0
AACTCTTGCAGGAG-1	Cluster 12	1.7500885
AACTGTCTCCCTTG-1	Cluster 5	0.0
AACTTGCTACGCTA-1	Cluster 1	0.0
AACTTGCTGGGACA-1	Cluster 13	2.838752
AAGAACGAGTGTTG-1	Cluster 6	3.2824523
AAGAAGACGTAGGG-1	Cluster 1	0.0
AAGACAGAAGTCTG-1	Cluster 1	0.0
AAGACAGAGGATCT-1	Cluster 13	1.6714083
AAGACAGATTACCT-1	Cluster 5	0.0
AAGAGATGGGTAGG-1	Cluster 1	0.0
AAGATGGAAAACAG-1	Cluster 1	0.0
AAGATGGAGAACTC-1	Cluster 9	0.0
AAGATGGAGATAAG-1	Cluster 9	0.0
AAGATTACAACCTG-1	Cluster 6	1.7438302
AAGATTACAGATCC-1	Cluster 9	0.0
AAGATTACCCGTTC-1	Cluster 9	0.0
AAGATTACCGCCTT-1	Cluster 7	0.0
AAGATTACCTCAAG-1	Cluster 3	0.0
AAGATTACTCCTCG-1	Cluster 5	0.0
AAGCAAGAGCGAGA-1	Cluster 14	2.572366
AAGCAAGAGCTTAG-1	Cluster 10	1.7238681
AAGCAAGAGGTGTT-1	Cluster 3	0.0
AAGCACTGAGCAAA-1	Cluster 1	1.4079024
AAGCACTGCATACG-1	Cluster 10	3.2544978
AAGCACTGGTTCTT-1	Cluster 1	1.4465272
AAGCCAACGTGTTG-1	Cluster 6	2.7390177
AAGCCATGAACTGC-1	Cluster 7	0.0
AAGCCATGACACGT-1	Cluster 9	0.0
AAGCCATGCGTGAT-1	Cluster 16	2.7220368
AAGCCATGTCTCGC-1	Cluster 15	0.0
AAGCCTGACATGCA-1	Cluster 12	2.8769362
AAGCCTGACCGAAT-1	Cluster 5	0.0
AAGCGACTCCTCAC-1	Cluster 9	0.0
AAGCGACTGTGTCA-1	Cluster 13	1.4336234
AAGCGACTTACAGC-1	Cluster 1	0.0
AAGCGACTTTGACG-1	Cluster 8	0.0
AAGCGTACGTCTTT-1	Cluster 13	3.021948
AAGGCTTGCGAACT-1	Cluster 10	3.2222612
AAGGTCACGGTTAC-1	Cluster 5	0.0
AAGGTCACTGTTTC-1	Cluster 1	0.0
AAGGTCACTTCCCG-1	Cluster 14	2.8768044
AAGGTCTGACAGTC-1	Cluster 16	1.5815517
AAGGTCTGCAGATC-1	Cluster 6	3.0755208
AAGTAACTCTGAAC-1	Cluster 5	0.0
AAGTAACTGAGATA-1	Cluster 1	0.0
AAGTAGGATACAGC-1	Cluster 3	0.0
AAGTATACCGAACT-1	Cluster 16	2.3245673
AAGTCCGACTTGTT-1	Cluster 13	3.0300353
AAGTCCGATAGAAG-1	Cluster 13	1.9367944
AAGTCTCTAGTCGT-1	Cluster 13	1.95792
AAGTCTCTCGGAGA-1	Cluster 10	2.8519826
AAGTGGCTTGGAGG-1	Cluster 1	0.0
AAGTTCCTCATTCT-1	Cluster 8	0.0
AAGTTCCTTCTTAC-1	Cluster 14	1.9636903
AATAAGCTCGAATC-1	Cluster 13	2.1097739
AATAAGCTCGTTGA-1	Cluster 13	2.9796004
AATACCCTGGACGA-1	Cluster 1	0.0
AATACCCTGGCATT-1	Cluster 6	1.3915675
AATACTGAAAGGGC-1	Cluster 3	0.0
AATACTGAATTGGC-1	Cluster 3	0.0
AATAGGGAACCCTC-1	Cluster 1	0.0
AATAGGGAGAATGA-1	Cluster 10	2.4621167
AATCAAACTATCGG-1	Cluster 14	0.0
AATCCGGAATGCTG-1	Cluster 1	0.0
AATCCTACCGGTAT-1	Cluster 6	2.218847
AATCCTTGACGGGA-1	Cluster 9	0.0
AATCCTTGGTGAGG-1	Cluster 3	0.0
AATCGGTGGAACTC-1	Cluster 14	2.7939384
AATCGGTGTGCTTT-1	Cluster 13	1.8364558
AATCTAGAAAAGTG-1	Cluster 16	2.5351956
AATCTAGAATCGGT-1	Cluster 6	2.348485
AATCTCACAGCCTA-1	Cluster 5	1.8914609
AATCTCACTCTAGG-1	Cluster 6	1.7322443
AATCTCTGAACAGA-1	Cluster 13	0.0
AATCTCTGCTTTAC-1	Cluster 3	0.0
AATGATACACCAAC-1	Cluster 10	2.4360251
AATGATACGGTCAT-1	Cluster 5	0.0
AATGCGTGACACCA-1	Cluster 1	0.0
AATGCGTGGACGGA-1	Cluster 7	0.0
AATGCGTGGCTATG-1	Cluster 1	0.0
AATGGAGAATCGTG-1	Cluster 5	0.0
AATGGAGATCCTTA-1	Cluster 14	2.7920196
AATGGCTGACACCA-1	Cluster 1	0.0
AATGGCTGCGTGAT-1	Cluster 16	1.7088922
AATGGCTGTAAAGG-1	Cluster 14	0.0
AATGGCTGTACTCT-1	Cluster 10	3.7469296
AATGGCTGTGAAGA-1	Cluster 6	2.3344722
AATGTAACGGTGGA-1	Cluster 6	2.3837733
AATGTCCTCTTCTA-1	Cluster 15	2.3056507
AATGTTGACAGTCA-1	Cluster 15	2.1164887
AATGTTGAGTTGAC-1	Cluster 5	0.0
AATGTTGATCTACT-1	Cluster 12	1.5562723
AATTACGAATTCCT-1	Cluster 7	0.0
AATTACGACTTCTA-1	Cluster 13	1.5877167
AATTACGAGTGAGG-1	Cluster 15	2.735775
AATTACGATTGGCA-1	Cluster 1	0.0
AATTCCTGCTCAGA-1	Cluster 1	0.0
AATTGATGTCGCAA-1	Cluster 8	0.0
AATTGTGACTTGGA-1	Cluster 1	0.0
ACAAAGGAGGGTGA-1	Cluster 6	0.0
ACAAATTGATTCTC-1	Cluster 8	1.2362267
ACAAATTGCTCAGA-1	Cluster 5	0.0
ACAAATTGTTGCGA-1	Cluster 3	0.0
ACAACCGAGGGATG-1	Cluster 3	0.0
ACAACCGAGTTACG-1	Cluster 16	2.7242525
ACAAGAGAAGTCGT-1	Cluster 9	0.0
ACAAGAGACTTATC-1	Cluster 6	2.4465575
ACAAGAGAGTTGAC-1	Cluster 1	0.0
ACAATCCTAACCGT-1	Cluster 12	2.6353202
ACAATCCTTAGCGT-1	Cluster 1	0.0
ACAATTGACTGACA-1	Cluster 10	2.3260942
ACAATTGATGACTG-1	Cluster 3	0.0
ACACAGACCATACG-1	Cluster 10	1.7818289
ACACCAGAGGGCAA-1	Cluster 14	2.5100725
ACACCCTGGTGTTG-1	Cluster 3	0.0
ACACGAACAGTTCG-1	Cluster 16	2.0230935
ACACGATGACGCAT-1	Cluster 14	2.744903
ACACGATGATGTGC-1	Cluster 9	0.0
ACACGATGTCGTAG-1	Cluster 14	1.8681728
ACACGATGTGGTCA-1	Cluster 14	1.6728128
ACAGACACGGCATT-1	Cluster 14	2.7097318
ACAGACACGTTGTG-1	Cluster 4	2.4052
ACAGCAACACCTAG-1	Cluster 9	0.0
ACAGCAACCTCAAG-1	Cluster 8	1.1801282
ACAGGTACCCCACT-1	Cluster 6	2.4843264
ACAGGTACGCTGTA-1	Cluster 14	2.6750803
ACAGGTACTGGTGT-1	Cluster 3	0.0
ACAGTCGACCCAAA-1	Cluster 13	2.3888535
ACAGTCGACCGATA-1	Cluster 14	2.3666706
ACAGTGACTCACCC-1	Cluster 14	2.6997519
ACAGTGACTCTATC-1	Cluster 14	1.7391728
ACAGTGTGGTCACA-1	Cluster 13	2.431281
ACAGTGTGTTGCGA-1	Cluster 5	0.0
ACATCACTCTACTT-1	Cluster 9	0.0
ACATGGTGAAGCCT-1	Cluster 15	3.1819913
ACATGGTGCAACCA-1	Cluster 1	0.0
ACATGGTGCGAGTT-1	Cluster 6	0.0
ACATTCTGGCATAC-1	Cluster 6	2.4446328
ACATTCTGGGAACG-1	Cluster 5	1.3059152
ACCAACGACATGCA-1	Cluster 13	2.3472013
ACCACAGAAAGTAG-1	Cluster 6	2.6896715
ACCACAGAGTTGGT-1	Cluster 13	3.6753266
ACCACCTGTGTGCA-1	Cluster 6	2.2508893
ACCACGCTACAGCT-1	Cluster 6	2.5532148
ACCACGCTACCCAA-1	Cluster 10	2.427505
ACCACGCTGCGAGA-1	Cluster 14	2.7824879
ACCACGCTGCTGTA-1	Cluster 4	1.7880193
ACCAGCCTGACAGG-1	Cluster 15	2.1730607
ACCAGTGAACGGTT-1	Cluster 1	0.0
ACCAGTGAATACCG-1	Cluster 8	0.0
ACCAGTGAGGGATG-1	Cluster 13	2.5855012
ACCAGTGATGACTG-1	Cluster 5	0.0
ACCATTACCTTCTA-1	Cluster 13	0.0
ACCATTACGAGATA-1	Cluster 12	2.4900556
ACCATTTGTCATTC-1	Cluster 11	3.230274
ACCCAAGAACTGTG-1	Cluster 10	2.5445182
ACCCAAGAATTCCT-1	Cluster 8	0.0
ACCCAAGAGGACAG-1	Cluster 15	1.4725214
ACCCAAGATTCACT-1	Cluster 1	0.0
ACCCACTGCGCCTT-1	Cluster 5	0.0
ACCCACTGGACAGG-1	Cluster 13	3.1853178
ACCCACTGGTTCAG-1	Cluster 17	0.0
ACCCACTGTCGTAG-1	Cluster 5	1.499505
ACCCAGCTCAGAAA-1	Cluster 16	2.237695
ACCCAGCTGTTAGC-1	Cluster 5	2.1073897
ACCCAGCTTGCTTT-1	Cluster 6	2.8350978
ACCCGTTGATGACC-1	Cluster 1	0.0
ACCCGTTGCTGCAA-1	Cluster 12	2.9722426
ACCCGTTGCTTCTA-1	Cluster 1	0.97134584
ACCCTCGACCTATT-1	Cluster 12	0.0
ACCCTCGACGGTAT-1	Cluster 1	0.0
ACCCTCGATAAGGA-1	Cluster 9	0.0
ACCCTCGATCAAGC-1	Cluster 8	0.0
ACCGTGCTACCAGT-1	Cluster 16	1.81807
ACCGTGCTGGAACG-1	Cluster 1	1.8307148
ACCTATTGCTGAGT-1	Cluster 1	0.0
ACCTATTGTGCCCT-1	Cluster 8	0.0
ACCTCCGAGTCCTC-1	Cluster 12	3.2477381
ACCTCCGATATGCG-1	Cluster 16	2.4997485
ACCTCCGATGCTGA-1	Cluster 6	3.1509764
ACCTCGTGAACCAC-1	Cluster 14	1.8047942
ACCTGAGATATCGG-1	Cluster 9	0.0
ACCTGGCTAAGTAG-1	Cluster 3	0.0
ACCTTTGACTCCCA-1	Cluster 5	0.0
ACCTTTGAGGAACG-1	Cluster 9	1.2274584
ACCTTTGAGGAAGC-1	Cluster 9	0.0
ACGAACACCTTGTT-1	Cluster 10	2.905868
ACGAACTGGCTATG-1	Cluster 8	0.0
ACGAAGCTCTCCAC-1	Cluster 6	2.6073318
ACGAAGCTCTGAGT-1	Cluster 1	0.0
ACGACCCTATCTCT-1	Cluster 9	0.0
ACGACCCTGATGAA-1	Cluster 4	1.7859498
ACGACCCTTGACAC-1	Cluster 1	0.0
ACGACCCTTGACCA-1	Cluster 13	0.0
ACGAGGGACAGGAG-1	Cluster 7	0.0
ACGAGGGACGAACT-1	Cluster 13	2.4733143
ACGAGGGATGTAGC-1	Cluster 16	1.4528933
ACGAGTACCCTAAG-1	Cluster 1	0.0
ACGAGTACGAATCC-1	Cluster 1	1.8753859
ACGATCGAGGACTT-1	Cluster 3	0.0
ACGATCGAGTCACA-1	Cluster 5	0.0
ACGATGACAATGCC-1	Cluster 11	2.6642432
ACGATGACTGGTCA-1	Cluster 12	2.1509495
ACGATTCTACGGGA-1	Cluster 10	3.6470127
ACGCAATGGTTCAG-1	Cluster 3	0.0
ACGCACCTGTTAGC-1	Cluster 1	0.0
ACGCCACTGAACTC-1	Cluster 8	0.0
ACGCCGGAAACCAC-1	Cluster 5	0.0
ACGCCGGAAAGCCT-1	Cluster 13	2.3344722
ACGCCGGAAATGCC-1	Cluster 16	0.0
ACGCCTTGCTCCCA-1	Cluster 8	0.0
ACGCGGTGGCGAGA-1	Cluster 16	1.6315598
ACGCGGTGTGTGGT-1	Cluster 1	0.0
ACGCGGTGTTTGCT-1	Cluster 10	1.733778
ACGCTCACAGTACC-1	Cluster 13	2.615516
ACGCTCACCCTTGC-1	Cluster 13	2.3260942
ACGCTGCTGTTCTT-1	Cluster 3	0.0
ACGGAACTCAGATC-1	Cluster 3	0.0
ACGGAACTGTCGTA-1	Cluster 8	0.0
ACGGAGGACTCTTA-1	Cluster 5	0.0
ACGGATTGGGAGGT-1	Cluster 1	0.0
ACGGATTGGTTAGC-1	Cluster 16	2.6417544
ACGGCTCTGAGCAG-1	Cluster 16	3.4111795
ACGGCTCTTGCACA-1	Cluster 13	1.5983311
ACGGTAACCGCTAA-1	Cluster 14	3.110165
ACGGTAACCTTCGC-1	Cluster 10	1.8154813
ACGGTAACGGTGGA-1	Cluster 4	2.5900514
ACGGTAACTCGCAA-1	Cluster 14	0.0
ACGGTATGAGTCGT-1	Cluster 5	0.0
ACGGTATGGGTATC-1	Cluster 1	0.0
ACGGTATGGTTGTG-1	Cluster 1	0.0
ACGGTCCTAACGGG-1	Cluster 15	2.6847806
ACGGTCCTCGGGAA-1	Cluster 4	2.9309926
ACGTAGACAACCAC-1	Cluster 16	2.7595603
ACGTAGACTACAGC-1	Cluster 1	0.0
ACGTCAGAAACGAA-1	Cluster 16	2.3252609
ACGTCAGAGAGCTT-1	Cluster 9	0.0
ACGTCAGAGGGATG-1	Cluster 6	2.6375265
ACGTCCTGATAAGG-1	Cluster 5	1.5699949
ACGTCCTGTGAACC-1	Cluster 9	0.0
ACGTCGCTCCTGAA-1	Cluster 3	0.0
ACGTCGCTCTATTC-1	Cluster 7	0.0
ACGTCGCTTCTCAT-1	Cluster 1	0.0
ACGTGATGCCATGA-1	Cluster 7	0.0
ACGTGATGGGTCTA-1	Cluster 13	2.7827249
ACGTGATGTAACCG-1	Cluster 8	0.0
ACGTGATGTGACAC-1	Cluster 3	0.0
ACGTGCCTCCGTAA-1	Cluster 16	3.176694
ACGTGCCTTCTATC-1	Cluster 10	2.3273454
ACGTTACTTTCCAT-1	Cluster 12	2.412569
ACGTTGGAAAAGCA-1	Cluster 13	1.7178391
ACGTTGGAAACCTG-1	Cluster 10	1.7066735
ACGTTGGACCGTAA-1	Cluster 5	0.0
ACGTTGGAGCCAAT-1	Cluster 3	0.0
ACGTTGGATATGGC-1	Cluster 1	0.0
ACGTTGGATCAGGT-1	Cluster 9	0.0
ACGTTTACATCAGC-1	Cluster 13	2.6151245
ACTAAAACCCACAA-1	Cluster 14	3.2051544
ACTAAAACTCGACA-1	Cluster 5	0.0
ACTACGGAATTTCC-1	Cluster 16	2.3165636
ACTACGGACCTATT-1	Cluster 12	0.0
ACTACGGATCGCTC-1	Cluster 6	1.618783
ACTACTACTAAGGA-1	Cluster 13	1.6630415
ACTAGGTGGAACCT-1	Cluster 15	2.782014
ACTAGGTGGAACTC-1	Cluster 13	2.71868
ACTATCACCTTGGA-1	Cluster 14	2.3754728
ACTATCACTGCCAA-1	Cluster 13	2.302675
ACTCAGGACTGAAC-1	Cluster 6	2.9713638
ACTCAGGATCTATC-1	Cluster 1	0.0
ACTCAGGATTCGTT-1	Cluster 5	0.0
ACTCCTCTCAACTG-1	Cluster 16	3.110238
ACTCGCACGAAAGT-1	Cluster 5	0.0
ACTCGCACTACGAC-1	Cluster 5	1.8471754
ACTCTCCTGACACT-1	Cluster 13	2.2065227
ACTCTCCTGCATAC-1	Cluster 2	0.0
ACTCTCCTGTTTGG-1	Cluster 13	2.9522412
ACTGAGACAACCAC-1	Cluster 14	2.423746
ACTGAGACCCATAG-1	Cluster 8	0.0
ACTGAGACGTTGGT-1	Cluster 1	0.0
ACTGCCACACACGT-1	Cluster 14	2.7180629
ACTGCCACTCCGTC-1	Cluster 3	0.0
ACTGGCCTTCAGTG-1	Cluster 3	0.0
ACTGTGGACGTGTA-1	Cluster 1	2.9876146
ACTGTGGATCTAGG-1	Cluster 1	2.0540771
ACTGTTACCCACAA-1	Cluster 5	0.0
ACTGTTACTGCAGT-1	Cluster 6	0.0
ACTTAAGAACCACA-1	Cluster 13	1.6777514
ACTTAAGATTACTC-1	Cluster 7	0.0
ACTTAGCTGCGTAT-1	Cluster 8	0.0
ACTTAGCTGGGAGT-1	Cluster 15	2.5642111
ACTTCAACAAGCAA-1	Cluster 10	2.7576573
ACTTCAACGTAGGG-1	Cluster 3	0.0
ACTTCCCTTTCCGC-1	Cluster 13	3.010868
ACTTCTGACATGCA-1	Cluster 1	0.0
ACTTGACTCCACAA-1	Cluster 1	0.0
ACTTGGGAGAAAGT-1	Cluster 5	1.3242545
ACTTGGGAGGTTTG-1	Cluster 6	2.577034
ACTTGGGATGTGAC-1	Cluster 8	0.0
ACTTGGGATTGACG-1	Cluster 5	0.0
ACTTGTACCTGTCC-1	Cluster 13	2.2724578
ACTTTGTGGAAAGT-1	Cluster 13	2.8843477
ACTTTGTGGATAGA-1	Cluster 5	0.0
AGAAACGAAAGTAG-1	Cluster 1	0.0
AGAAAGTGCGCAAT-1	Cluster 16	1.4609755
AGAAAGTGGGGATG-1	Cluster 5	0.0
AGAACAGAAATGCC-1	Cluster 3	0.0
AGAACAGACGACTA-1	Cluster 1	0.0
AGAACAGAGACAAA-1	Cluster 15	1.4658245
AGAACGCTTTGCTT-1	Cluster 13	1.8979421
AGAAGATGTGACTG-1	Cluster 15	2.4931045
AGAATGGAAGAAGT-1	Cluster 10	2.7485447
AGAATTTGTAACCG-1	Cluster 6	2.322905
AGAATTTGTAGAGA-1	Cluster 13	0.0
AGACACACTGTAGC-1	Cluster 6	1.7022572
AGACACTGTCAAGC-1	Cluster 5	0.0
AGACCTGAAGTAGA-1	Cluster 5	0.0
AGACCTGACCAACA-1	Cluster 12	2.0371718
AGACCTGAGGAAGC-1	Cluster 14	2.073992
AGACGTACAGAGGC-1	Cluster 12	2.6864786
AGACGTACCCCTAC-1	Cluster 1	0.0
AGACGTACCTCTTA-1	Cluster 5	0.0
AGACGTACTCGTGA-1	Cluster 8	0.0
AGACTGACCATCAG-1	Cluster 14	2.4470394
AGACTGACCCTTTA-1	Cluster 13	1.489583
AGACTTCTCATGCA-1	Cluster 1	0.0
AGAGATGACAGTCA-1	Cluster 1	0.0
AGAGATGACTGAAC-1	Cluster 16	2.784861
AGAGATGAGGTTTG-1	Cluster 5	0.0
AGAGATGATCTCGC-1	Cluster 1	0.0
AGAGATGATTGTGG-1	Cluster 12	3.43164
AGAGCGGAGGCAAG-1	Cluster 9	0.0
AGAGTCTGGTCGTA-1	Cluster 8	0.0
AGAGTGCTCAGCTA-1	Cluster 4	2.6225934
AGAGTGCTCGAATC-1	Cluster 13	2.185927
AGAGTGCTGTCATG-1	Cluster 16	2.4992356
AGAGTGCTGTCCTC-1	Cluster 14	2.423746
AGAGTGCTGTGTTG-1	Cluster 1	0.0
AGATATACCCGTAA-1	Cluster 3	0.0
AGATATACGATGAA-1	Cluster 16	3.089021
AGATATACTGTTCT-1	Cluster 1	0.0
AGATATTGCCTACC-1	Cluster 14	2.604621
AGATATTGGCCAAT-1	Cluster 5	0.0
AGATCGTGTCTGGA-1	Cluster 9	0.0
AGATCGTGTTTGTC-1	Cluster 1	0.0
AGATCTCTATCACG-1	Cluster 1	0.0
AGATTAACGTTCTT-1	Cluster 8	0.0
AGATTCCTATCGTG-1	Cluster 6	1.609758
AGATTCCTCACTTT-1	Cluster 5	0.0
AGATTCCTGACGAG-1	Cluster 5	0.0
AGATTCCTGTTCAG-1	Cluster 3	0.0
AGCAAAGATATGCG-1	Cluster 13	0.0
AGCACAACAGTCTG-1	Cluster 4	2.96844
AGCACTGAGGGAGT-1	Cluster 16	2.5214002
AGCACTGATATGCG-1	Cluster 6	1.6777514
AGCACTGATGCTTT-1	Cluster 7	0.0
AGCACTGATTGCGA-1	Cluster 13	3.1850958
AGCATCGAAGATCC-1	Cluster 16	2.5327032
AGCATCGAAGGGTG-1	Cluster 1	0.0
AGCATCGAGCTTCC-1	Cluster 5	0.0
AGCATCGAGTGAGG-1	Cluster 16	2.4042833
AGCATCGATAACCG-1	Cluster 5	0.0
AGCATGACGATGAA-1	Cluster 10	3.322802
AGCCAATGGGGAGT-1	Cluster 8	0.0
AGCCAATGTATCTC-1	Cluster 13	2.522805
AGCCACCTGGATCT-1	Cluster 10	3.052654
AGCCGGTGCCAATG-1	Cluster 16	2.4618714
AGCCGGTGTGTTTC-1	Cluster 6	3.1683683
AGCCGTCTCAATCG-1	Cluster 13	2.422809
AGCCGTCTGAGAGC-1	Cluster 16	2.035434
AGCCTCACGTTCGA-1	Cluster 13	2.329435
AGCCTCACTGTCAG-1	Cluster 9	0.0
AGCCTCTGCAGTTG-1	Cluster 1	0.0
AGCCTCTGCCAATG-1	Cluster 3	0.0
AGCGAACTGGATCT-1	Cluster 13	1.9976152
AGCGAACTTACTGG-1	Cluster 15	1.7446095
AGCGATACGGAGCA-1	Cluster 6	2.6084962
AGCGATTGAGATCC-1	Cluster 3	0.0
AGCGCCGAATCTCT-1	Cluster 16	2.1768641
AGCGCCGACAGAGG-1	Cluster 16	2.7686133
AGCGCTCTACCTTT-1	Cluster 13	3.3774698
AGCGGCACCGGGAA-1	Cluster 13	2.3523486
AGCGGCTGATGTGC-1	Cluster 11	1.6877365
AGCGGGCTTGCCAA-1	Cluster 16	2.665072
AGCGTAACATGCTG-1	Cluster 15	3.0739455
AGCGTAACTGAGAA-1	Cluster 9	0.0
AGCTCGCTACTGGT-1	Cluster 13	2.1862776
AGCTCGCTCTGCTC-1	Cluster 6	2.770365
AGCTGAACCATACG-1	Cluster 8	0.0
AGCTGAACCTCTCG-1	Cluster 13	2.263916
AGCTGCCTTGGGAG-1	Cluster 9	0.0
AGCTGCCTTTCATC-1	Cluster 12	3.0050137
AGCTGCCTTTCTGT-1	Cluster 14	2.6494575
AGCTGTGATCCAAG-1	Cluster 13	2.007872
AGCTTTACAAGTAG-1	Cluster 13	1.6906163
AGCTTTACACCAAC-1	Cluster 14	1.7457799
AGCTTTACTCTCAT-1	Cluster 1	0.0
AGGAAATGAGGAGC-1	Cluster 15	0.0
AGGAACCTCTTAGG-1	Cluster 8	0.0
AGGAACCTTGCCTC-1	Cluster 14	3.1718647
AGGAATGATAACGC-1	Cluster 4	2.784386
AGGAATGATTTGTC-1	Cluster 15	2.5119789
AGGAGTCTGGTTTG-1	Cluster 13	2.1943853
AGGAGTCTTGTCAG-1	Cluster 13	2.7829618
AGGATAGACATTTC-1	Cluster 16	3.0104094
AGGATAGAGGATTC-1	Cluster 10	3.0623143
AGGATGCTACTAGC-1	Cluster 1	0.0
AGGATGCTTTAGGC-1	Cluster 3	0.0
AGGCAACTGAAGGC-1	Cluster 16	1.5489337
AGGCAGGAGTACCA-1	Cluster 14	2.704077
AGGCCTCTAGTCGT-1	Cluster 13	3.3142502
AGGCCTCTCGGAGA-1	Cluster 6	1.6462721
AGGCCTCTCGTAAC-1	Cluster 6	0.0
AGGGACGACGTTGA-1	Cluster 13	3.3295276
AGGGACGAGTCAAC-1	Cluster 3	0.0
AGGGACGAGTTGTG-1	Cluster 13	2.114244
AGGGACGATAGAGA-1	Cluster 14	1.917981
AGGGACGATGCATG-1	Cluster 10	2.5028324
AGGGAGTGAGCCTA-1	Cluster 15	2.4006271
AGGGCCACCATACG-1	Cluster 13	3.411517
AGGGCGCTAACCAC-1	Cluster 5	2.2440767
AGGGCGCTATGGTC-1	Cluster 16	2.597497
AGGGTGGACAGTCA-1	Cluster 1	0.0
AGGGTGGACTCAAG-1	Cluster 9	0.0
AGGGTGGAGTTGCA-1	Cluster 10	2.9314127
AGGGTTTGTTCATC-1	Cluster 9	0.0
AGGTCATGAGTGTC-1	Cluster 1	0.0
AGGTCATGCTTATC-1	Cluster 14	2.6096623
AGGTCTGATTCTCA-1	Cluster 9	0.0
AGGTGGGAAGAATG-1	Cluster 6	2.3830287
AGGTGGGAAGTTCG-1	Cluster 13	5.091794
AGGTGTTGGTTACG-1	Cluster 1	0.0
AGGTTCGAACCTCC-1	Cluster 5	0.0
AGGTTCGAACGTAC-1	Cluster 5	0.0
AGGTTCGAGGGTGA-1	Cluster 13	0.0
AGTAAGGAGTTTGG-1	Cluster 15	3.293375
AGTAAGGATTCTTG-1	Cluster 15	0.0
AGTAATACATCACG-1	Cluster 3	0.0
AGTAATACCGAACT-1	Cluster 1	0.0
AGTAATTGTCCCAC-1	Cluster 16	2.4484868
AGTACGTGAGGGTG-1	Cluster 13	3.4123945
AGTACGTGCTGCAA-1	Cluster 16	2.8713653
AGTACGTGCTTGGA-1	Cluster 15	0.0
AGTACTCTACGTGT-1	Cluster 1	0.0
AGTACTCTCAACCA-1	Cluster 10	2.511632
AGTACTCTCGGTAT-1	Cluster 14	3.0150073
AGTAGGCTTGCCTC-1	Cluster 8	0.0
AGTATAACTTGTCT-1	Cluster 8	1.1770133
AGTATCCTAGAACA-1	Cluster 6	0.0
AGTCACGATGAGCT-1	Cluster 3	0.0
AGTCAGACGAATAG-1	Cluster 16	2.7805936
AGTCAGACGCTTAG-1	Cluster 14	2.387955
AGTCAGACTAGAGA-1	Cluster 14	3.047384
AGTCAGACTGCACA-1	Cluster 15	2.7202685
AGTCCAGATATCTC-1	Cluster 13	0.0
AGTCCAGATTTCAC-1	Cluster 13	2.7291467
AGTCGAACCAACCA-1	Cluster 13	3.015161
AGTCGCCTCCGTAA-1	Cluster 12	3.1532264
AGTCTACTAGGGTG-1	Cluster 5	0.0
AGTCTACTTGCATG-1	Cluster 9	0.0
AGTCTTACACCACA-1	Cluster 13	1.6338791
AGTCTTACTTCGCC-1	Cluster 14	3.652639
AGTCTTACTTCGGA-1	Cluster 17	0.0
AGTGACTGCAACTG-1	Cluster 8	0.0
AGTGTTCTAACCTG-1	Cluster 16	0.0
AGTGTTCTATAAGG-1	Cluster 4	2.1563354
AGTGTTCTCACTTT-1	Cluster 5	0.0
AGTTAAACCACTTT-1	Cluster 16	2.0299566
AGTTATGAACAGTC-1	Cluster 5	0.0
AGTTATGACTGAGT-1	Cluster 16	3.392809
AGTTATGAGTTCAG-1	Cluster 12	1.5024849
AGTTCTACCAGCTA-1	Cluster 5	0.0
AGTTCTTGAAGCCT-1	Cluster 10	3.6912029
AGTTGTCTACTACG-1	Cluster 13	2.0727766
AGTTTAGATGGTCA-1	Cluster 4	3.784434
AGTTTCACGGTCTA-1	Cluster 14	3.2112277
AGTTTGCTACAGTC-1	Cluster 6	1.7544235
AGTTTGCTACTGGT-1	Cluster 3	0.0
AGTTTGCTCCAAGT-1	Cluster 13	3.0210197
ATAAACACAGTGCT-1	Cluster 1	0.0
ATAAACACCACCAA-1	Cluster 14	2.0610242
ATAACAACATGCTG-1	Cluster 5	0.0
ATAACAACGTCTAG-1	Cluster 12	3.6078095
ATAACAACTTTGTC-1	Cluster 13	1.9995452
ATAACATGTACTCT-1	Cluster 16	2.4686854
ATAACCCTGTTGGT-1	Cluster 4	2.580975
ATAACCCTTGGTAC-1	Cluster 16	2.4134948
ATAAGTACGAATGA-1	Cluster 1	0.0
ATAAGTTGGTACGT-1	Cluster 8	0.0
ATAAGTTGTCTAGG-1	Cluster 16	2.2569933
ATAATCGAGCTGAT-1	Cluster 1	0.0
ATAATCGATGGTTG-1	Cluster 13	1.6599302
ATAATGACCTACTT-1	Cluster 11	2.947523
ATAATGACTCGTGA-1	Cluster 9	0.0
ATACAATGTTAGGC-1	Cluster 16	0.0
ATACCACTCGTACA-1	Cluster 5	0.0
ATACCACTCTAAGC-1	Cluster 7	0.0
ATACCACTGCCAAT-1	Cluster 3	0.0
ATACCGGAATGCTG-1	Cluster 7	0.0
ATACCGGACATTTC-1	Cluster 9	0.0
ATACCGGACTTCGC-1	Cluster 16	2.4961646
ATACCGGAGGTGTT-1	Cluster 5	1.7399468
ATACCGGATCTCGC-1	Cluster 16	3.152583
ATACCTACGCATCA-1	Cluster 16	2.473646
ATACCTTGGGGCAA-1	Cluster 6	2.9973352
ATACGGACAGACTC-1	Cluster 5	0.0
ATACGGACCTACTT-1	Cluster 5	2.3605642
ATACGGACGAGGTG-1	Cluster 1	2.2203095
ATACGGACTATGCG-1	Cluster 1	2.0521038
ATACGGACTCTGGA-1	Cluster 5	0.0
ATACGTCTTAACGC-1	Cluster 5	0.0
ATACTCTGCTTCGC-1	Cluster 9	0.0
ATACTCTGGTATGC-1	Cluster 3	0.0
ATAGATACCATGGT-1	Cluster 16	0.0
ATAGATACGACGAG-1	Cluster 13	2.9877636
ATAGATTGGTGTAC-1	Cluster 1	0.0
ATAGCCGAACGGAG-1	Cluster 13	2.3557978
ATAGCGTGCAGATC-1	Cluster 12	2.2159302
ATAGCGTGCCCTTG-1	Cluster 5	0.0
ATAGCGTGGTATCG-1	Cluster 5	0.0
ATAGCGTGTCTCTA-1	Cluster 15	0.0
ATAGCTCTCTGATG-1	Cluster 13	0.0
ATAGCTCTGAGGTG-1	Cluster 13	2.409337
ATAGGAGAAACAGA-1	Cluster 9	0.0
ATAGGCTGTCAGAC-1	Cluster 13	2.3227665
ATAGTCCTAGTGTC-1	Cluster 5	0.0
ATAGTCCTTGCATG-1	Cluster 10	3.0187025
ATAGTCCTTGTCGA-1	Cluster 13	2.5071347
ATAGTTGACAACTG-1	Cluster 13	1.7189655
ATAGTTGACCCTCA-1	Cluster 8	0.0
ATAGTTGAGACGTT-1	Cluster 4	0.0
ATAGTTGATAAGCC-1	Cluster 13	0.0
ATATACGAAGCCAT-1	Cluster 6	1.6078398
ATATACGAATTGGC-1	Cluster 15	2.9332755
ATATAGTGGAATGA-1	Cluster 5	0.0
ATATGCCTAGATCC-1	Cluster 5	0.0
ATATGCCTGGACAG-1	Cluster 13	1.3480251
ATATGCCTTCTCTA-1	Cluster 6	2.3198662
ATATGCCTTGGTAC-1	Cluster 13	2.3884041
ATCAAATGAGCCTA-1	Cluster 5	0.0
ATCAAATGGGTAAA-1	Cluster 8	0.0
ATCAACCTAAACGA-1	Cluster 15	3.167351
ATCAACCTGAGGAC-1	Cluster 13	2.2670116
ATCAACCTTCTCTA-1	Cluster 14	2.563105
ATCAACCTTTGTCT-1	Cluster 14	1.5867883
ATCACACTTTGTCT-1	Cluster 13	3.021948
ATCACGGATTTCGT-1	Cluster 1	0.0
ATCATCTGACACCA-1	Cluster 17	0.0
ATCATGCTAGAGTA-1	Cluster 10	2.546684
ATCATGCTGAACCT-1	Cluster 1	0.0
ATCCAGGACGCTAA-1	Cluster 8	0.0
ATCCAGGATGGAAA-1	Cluster 16	1.7403343
ATCCATACTCCTTA-1	Cluster 5	0.0
ATCCATACTTCATC-1	Cluster 8	0.0
ATCCCGTGCAGTCA-1	Cluster 3	0.0
ATCCCGTGCATGCA-1	Cluster 1	0.0
ATCCCGTGGCTGAT-1	Cluster 1	0.0
ATCCGCACGCATCA-1	Cluster 1	0.0
ATCCTAACGACGGA-1	Cluster 1	0.0
ATCCTAACGCTACA-1	Cluster 14	3.5529087
ATCGACGAAACTGC-1	Cluster 5	0.0
ATCGACGAATGACC-1	Cluster 6	2.7048361
ATCGAGTGGACGTT-1	Cluster 10	2.4102592
ATCGCAGAATCTCT-1	Cluster 8	0.0
ATCGCAGAGTGTCA-1	Cluster 1	0.0
ATCGCCACTGAGGG-1	Cluster 10	2.9329548
ATCGCCTGGGTCAT-1	Cluster 16	2.073992
ATCGCCTGTGGCAT-1	Cluster 1	0.0
ATCGCGCTCAGAGG-1	Cluster 5	0.0
ATCGCGCTGGGATG-1	Cluster 15	2.1187396
ATCGCGCTTTTCGT-1	Cluster 1	0.0
ATCGGAACCAGTCA-1	Cluster 15	2.872466
ATCGGTGAGTCAAC-1	Cluster 6	0.0
ATCGGTGATTGCAG-1	Cluster 4	2.4284475
ATCGTTTGCCTACC-1	Cluster 9	0.0
ATCGTTTGGGTACT-1	Cluster 5	0.0
ATCGTTTGTGCCAA-1	Cluster 5	0.0
ATCTACACCCGCTT-1	Cluster 5	0.0
ATCTACACCGGGAA-1	Cluster 15	0.0
ATCTCAACAGGAGC-1	Cluster 1	0.0
ATCTCAACCTCGAA-1	Cluster 6	0.0
ATCTCAACCTTGTT-1	Cluster 5	0.0
ATCTGGGAAACCAC-1	Cluster 5	0.0
ATCTGGGAAGTGTC-1	Cluster 9	0.0
ATCTGGGATTCCGC-1	Cluster 14	2.1062796
ATCTGTTGAACGGG-1	Cluster 12	0.0
ATCTGTTGACCTCC-1	Cluster 16	1.5445701
ATCTGTTGCCTTCG-1	Cluster 9	0.0
ATCTGTTGGTTGCA-1	Cluster 16	0.0
ATCTTGACACCAAC-1	Cluster 16	2.9706612
ATCTTGACCTCCCA-1	Cluster 9	0.0
ATCTTTCTGCATCA-1	Cluster 14	0.0
ATCTTTCTGTTTCT-1	Cluster 14	1.6537501
ATCTTTCTTGTCCC-1	Cluster 3	0.0
ATGAAACTCTGTGA-1	Cluster 14	1.9796556
ATGAAACTGAGGCA-1	Cluster 16	2.7853365
ATGAAGGAACAGCT-1	Cluster 14	3.0592442
ATGAAGGACCTGTC-1	Cluster 1	0.0
ATGAAGGACCTTAT-1	Cluster 1	0.0
ATGAAGGACTAGTG-1	Cluster 1	0.0
ATGAAGGACTTGCC-1	Cluster 3	0.0
ATGACGTGACGACT-1	Cluster 1	0.0
ATGACGTGATCGGT-1	Cluster 9	0.0
ATGAGAGAAAGTGA-1	Cluster 15	3.083438
ATGAGAGAACGCAT-1	Cluster 13	3.1035366
ATGAGAGAAGTAGA-1	Cluster 1	0.0
ATGAGCACACAGCT-1	Cluster 13	3.0758023
ATGAGCACATCTTC-1	Cluster 13	0.0
ATGATAACTTCACT-1	Cluster 3	0.0
ATGATATGAAACAG-1	Cluster 15	3.0589216
ATGATATGACTGGT-1	Cluster 13	0.0
ATGATATGAGCACT-1	Cluster 12	2.3161519
ATGATATGGTCATG-1	Cluster 6	2.8886106
ATGATATGGTGCTA-1	Cluster 3	0.0
ATGATATGTTGTCT-1	Cluster 9	0.0
ATGCACGAATGTCG-1	Cluster 1	0.0
ATGCACGACTGTAG-1	Cluster 15	2.6757095
ATGCACGAGAACCT-1	Cluster 1	0.0
ATGCACGAGTTCGA-1	Cluster 11	2.4350743
ATGCACGATTGGTG-1	Cluster 9	0.0
ATGCAGTGTTACCT-1	Cluster 1	0.0
ATGCAGTGTTCTAC-1	Cluster 4	2.2589104
ATGCCAGAACGACT-1	Cluster 15	2.9682941
ATGCCAGACAGTCA-1	Cluster 5	0.0
ATGCCGCTTGAACC-1	Cluster 9	0.0
ATGCGATGCTATGG-1	Cluster 9	0.0
ATGCGATGCTGAGT-1	Cluster 16	1.5958183
ATGCGATGGTTACG-1	Cluster 1	0.0
ATGCGCCTTCATTC-1	Cluster 13	2.1817312
ATGCTTTGCGAATC-1	Cluster 16	3.2258139
ATGCTTTGGGCGAA-1	Cluster 14	2.3256774
ATGCTTTGTAGTCG-1	Cluster 1	0.0
ATGGACACATCGGT-1	Cluster 16	2.010108
ATGGACACGCATCA-1	Cluster 3	0.0
ATGGGTACAACCTG-1	Cluster 1	0.0
ATGGGTACATCGGT-1	Cluster 3	0.0
ATGGGTACTATTCC-1	Cluster 16	0.0
ATGGGTACTGGGAG-1	Cluster 15	3.060665
ATGTAAACACCTCC-1	Cluster 13	3.18554
ATGTAAACCCGCTT-1	Cluster 12	1.4769392
ATGTAAACGGGATG-1	Cluster 7	0.0
ATGTAAACTCTCCG-1	Cluster 14	2.4407964
ATGTAAACTTCACT-1	Cluster 5	0.0
ATGTACCTCAGTCA-1	Cluster 4	2.7367644
ATGTACCTTAGTCG-1	Cluster 15	2.947951
ATGTACCTTTATCC-1	Cluster 5	0.0
ATGTACCTTTCACT-1	Cluster 10	2.8245964
ATGTCACTAATGCC-1	Cluster 5	0.0
ATGTCACTCTGCTC-1	Cluster 16	0.0
ATGTCGGAGGTGAG-1	Cluster 15	2.2470975
ATGTTCACAGTCTG-1	Cluster 5	0.0
ATGTTCACCGTAGT-1	Cluster 16	2.580975
ATGTTGCTTTCAGG-1	Cluster 15	0.0
ATTAACGATGAGAA-1	Cluster 3	0.0
ATTAACGATGCAAC-1	Cluster 10	3.4214902
ATTAAGACTGCAGT-1	Cluster 16	0.0
ATTACCTGCCTTAT-1	Cluster 5	1.3423567
ATTACCTGGAGGAC-1	Cluster 8	0.0
ATTAGATGTTTCAC-1	Cluster 6	2.7444491
ATTATGGAATCTCT-1	Cluster 6	0.0
ATTCAAGAACGGGA-1	Cluster 6	2.023948
ATTCAAGACCTTTA-1	Cluster 12	1.8026757
ATTCAGCTCATTGG-1	Cluster 17	0.0
ATTCCAACCATTGG-1	Cluster 5	0.0
ATTCCAACTTAGGC-1	Cluster 3	0.0
ATTCGACTCACTAG-1	Cluster 16	2.8870096
ATTCGACTGAATAG-1	Cluster 5	0.0
ATTCGACTTTTGTC-1	Cluster 8	0.0
ATTCGGGAAAGGCG-1	Cluster 5	1.4665935
ATTCGGGATTAGGC-1	Cluster 12	3.1146355
ATTCTTCTGATACC-1	Cluster 14	1.917981
ATTGAATGGACGGA-1	Cluster 16	0.0
ATTGATGAAGGTTC-1	Cluster 13	1.6613113
ATTGATGACTGAGT-1	Cluster 16	2.099337
ATTGATGAGCGAAG-1	Cluster 13	2.915999
ATTGATGATCTATC-1	Cluster 6	1.6953217
ATTGCACTGACGGA-1	Cluster 13	2.642663
ATTGCACTGAGAGC-1	Cluster 8	0.0
ATTGCACTGGAGCA-1	Cluster 5	1.9697706
ATTGCACTTAGCCA-1	Cluster 15	2.2362006
ATTGCACTTGCTTT-1	Cluster 8	0.0
ATTGCTTGTTACTC-1	Cluster 1	0.0
ATTGGTCTGACTAC-1	Cluster 1	1.6072017
ATTGGTCTTGTCTT-1	Cluster 1	0.0
ATTGTAGATTCCCG-1	Cluster 7	0.0
ATTGTAGATTGCAG-1	Cluster 14	2.1661913
ATTGTCTGCGTACA-1	Cluster 16	2.9049156
ATTTAGGAACCATG-1	Cluster 8	0.0
ATTTAGGACAGAGG-1	Cluster 15	3.0696275
ATTTCCGAGATGAA-1	Cluster 16	2.2155664
ATTTCCGAGTGCTA-1	Cluster 16	2.816801
ATTTCGTGTATGGC-1	Cluster 14	2.2938123
ATTTCTCTACTTTC-1	Cluster 8	0.0
ATTTCTCTAGCAAA-1	Cluster 16	2.8557072
ATTTCTCTCACTTT-1	Cluster 9	0.0
ATTTCTCTTCCCAC-1	Cluster 6	0.0
ATTTGCACAAGATG-1	Cluster 5	2.022524
CAAAGCACAGCTCA-1	Cluster 16	3.0862253
CAAAGCACCGTAAC-1	Cluster 1	0.0
CAAAGCACGGTAAA-1	Cluster 10	3.5187101
CAAAGCTGAAAGTG-1	Cluster 4	3.7261424
CAAAGCTGTTGCTT-1	Cluster 5	0.0
CAAATATGTGACAC-1	Cluster 13	0.0
CAAATTGAGGGCAA-1	Cluster 12	1.796777
CAAATTGATGGAGG-1	Cluster 5	0.0
CAACCAGAAAAGTG-1	Cluster 13	2.6679792
CAACCAGAAGTGCT-1	Cluster 16	2.5299342
CAACCAGAGTTCAG-1	Cluster 9	0.0
CAACCAGATAGAAG-1	Cluster 5	0.0
CAACCGCTGTTCAG-1	Cluster 13	0.0
CAACCGCTTTGAGC-1	Cluster 15	1.6770437
CAACGATGCGCAAT-1	Cluster 9	0.0
CAACGTGACTCCAC-1	Cluster 9	0.0
CAACGTGAGCCATA-1	Cluster 10	3.6107233
CAACGTGATCAAGC-1	Cluster 9	0.0
CAAGAAGACCACAA-1	Cluster 14	0.0
CAAGAAGACGTCTC-1	Cluster 9	0.0
CAAGAAGATTCTAC-1	Cluster 11	3.1069298
CAAGACTGACCTGA-1	Cluster 1	0.0
CAAGACTGAGTAGA-1	Cluster 1	0.0
CAAGCTGACCATAG-1	Cluster 8	0.0
CAAGCTGATCTATC-1	Cluster 10	3.0637722
CAAGGACTGTTCAG-1	Cluster 13	3.1502886
CAAGGACTTCTTTG-1	Cluster 14	1.9350183
CAAGGTTGCTCCAC-1	Cluster 4	1.8364558
CAAGGTTGTCATTC-1	Cluster 1	0.0
CAAGGTTGTCTGGA-1	Cluster 3	0.0
CAAGTCGAAACAGA-1	Cluster 1	0.0
CAAGTCGATAGCGT-1	Cluster 5	0.0
CAATAAACGCCATA-1	Cluster 5	0.0
CAATAATGAACTGC-1	Cluster 5	0.0
CAATATGACATGGT-1	Cluster 11	2.738341
CAATATGACCTTCG-1	Cluster 10	3.9935687
CAATATGACGTTAG-1	Cluster 13	0.0
CAATATGAGGAGCA-1	Cluster 15	1.4569213
CAATCGGAGAAACA-1	Cluster 15	1.5690911
CAATCTACTGACTG-1	Cluster 3	0.0
CAATTCACCCAACA-1	Cluster 10	2.848401
CAATTCACGATAGA-1	Cluster 16	3.052558
CAATTCACTTGTGG-1	Cluster 6	0.0
CAATTCTGCTTGTT-1	Cluster 9	1.3841233
CAATTCTGGCGTAT-1	Cluster 8	0.0
CACAACGATACGAC-1	Cluster 13	1.6405497
CACAATCTTGTTCT-1	Cluster 14	2.633919
CACAATCTTTCCAT-1	Cluster 14	2.9532247
CACACCTGCTTGAG-1	Cluster 13	1.9842411
CACACCTGTATGGC-1	Cluster 13	2.4567358
CACAGAACCCTTGC-1	Cluster 1	0.0
CACAGAACCTGATG-1	Cluster 16	2.9241312
CACAGATGGGATTC-1	Cluster 14	1.4100049
CACAGATGGTTTCT-1	Cluster 5	0.0
CACAGCCTGATACC-1	Cluster 14	2.7166321
CACAGCCTTGCCAA-1	Cluster 8	0.0
CACAGCCTTGTAGC-1	Cluster 16	3.3462927
CACAGTGATGAAGA-1	Cluster 5	0.0
CACATACTACAGCT-1	Cluster 10	2.4670384
CACATGGAACACGT-1	Cluster 13	2.4094906
CACATGGAAGTCGT-1	Cluster 13	2.2141125
CACCACTGCCAACA-1	Cluster 13	1.6913382
CACCACTGGCGAAG-1	Cluster 3	1.7051983
CACCCATGTTCTGT-1	Cluster 10	2.9352024
CACCGGGAATCGAC-1	Cluster 16	2.0727766
CACCGGGACGAGAG-1	Cluster 10	2.800687
CACCGGGACGTGTA-1	Cluster 13	3.0145464
CACCGGGACTTCTA-1	Cluster 12	3.2808833
CACCGGGACTTGCC-1	Cluster 10	1.884089
CACCGGGATTCGGA-1	Cluster 10	1.6665152
CACCGTACTAAGGA-1	Cluster 1	0.0
CACCGTACTAGCGT-1	Cluster 13	1.5439905
CACCTGACACCCAA-1	Cluster 10	2.941554
CACCTGACCAGAAA-1	Cluster 16	0.0
CACCTGACCTCAAG-1	Cluster 10	2.4308083
CACCTGACGAAAGT-1	Cluster 1	0.0
CACCTGACTCGTAG-1	Cluster 13	2.3459196
CACGAAACTTCCGC-1	Cluster 1	0.0
CACGACCTCGATAC-1	Cluster 1	0.0
CACGCTACAGAAGT-1	Cluster 6	2.7485447
CACGCTACTGTTCT-1	Cluster 1	0.0
CACGGGACAGAGTA-1	Cluster 13	2.0459204
CACGGGACATAAGG-1	Cluster 16	0.0
CACGGGACGTAGGG-1	Cluster 15	2.7774065
CACGGGTGCTTCGC-1	Cluster 10	3.6915295
CACGGGTGGAGGAC-1	Cluster 3	0.0
CACGGGTGTGTTTC-1	Cluster 13	2.497187
CACTAACTCCTAAG-1	Cluster 1	0.0
CACTAACTGAAAGT-1	Cluster 6	0.0
CACTAGGATGATGC-1	Cluster 1	0.0
CACTATACCCCGTT-1	Cluster 1	0.0
CACTATACGTTTGG-1	Cluster 10	2.8509579
CACTGAGACAGTCA-1	Cluster 5	0.0
CACTGCACTTCATC-1	Cluster 4	1.8272045
CACTGCTGAGACTC-1	Cluster 8	0.0
CACTGCTGGAAAGT-1	Cluster 16	2.8383482
CACTTAACCGAATC-1	Cluster 15	1.6935081
CACTTAACCGTACA-1	Cluster 1	2.024233
CACTTTGACTCTAT-1	Cluster 10	2.0073142
CACTTTGAGCTGTA-1	Cluster 14	0.0
CAGAAGCTCTCAAG-1	Cluster 13	2.2890184
CAGACATGAACGGG-1	Cluster 13	2.9008453
CAGACATGTCGACA-1	Cluster 16	2.1904974
CAGACCCTAAGGTA-1	Cluster 8	0.0
CAGACCCTAATGCC-1	Cluster 16	2.2748032
CAGACCCTAGGAGC-1	Cluster 13	2.1239092
CAGACTGAGTATGC-1	Cluster 12	0.0
CAGATCGAATGTCG-1	Cluster 1	0.0
CAGATCGACCTGAA-1	Cluster 14	2.472983
CAGATCGATATGGC-1	Cluster 13	0.0
CAGATGACATTCTC-1	Cluster 3	0.0
CAGCAATGCCTTCG-1	Cluster 11	0.0
CAGCAATGGAGGGT-1	Cluster 3	0.0
CAGCAATGGTGCTA-1	Cluster 16	2.915999
CAGCAATGTCTACT-1	Cluster 5	0.0
CAGCAATGTGACCA-1	Cluster 4	1.8298357
CAGCAATGTGAGGG-1	Cluster 5	0.0
CAGCACCTAAGCCT-1	Cluster 13	2.8674965
CAGCACCTAGGCGA-1	Cluster 6	2.0682352
CAGCACCTGTAGGG-1	Cluster 5	0.0
CAGCATGACAACCA-1	Cluster 5	1.4128195
CAGCATGAGACGTT-1	Cluster 14	0.0
CAGCCTACCCAACA-1	Cluster 15	2.0965147
CAGCCTTGCTACCC-1	Cluster 5	0.0
CAGCCTTGGGGACA-1	Cluster 16	2.1416118
CAGCGGACACCCTC-1	Cluster 13	2.828208
CAGCGGACCTTTAC-1	Cluster 3	0.0
CAGCGTCTAAAGCA-1	Cluster 12	2.0577414
CAGCGTCTTATCGG-1	Cluster 12	2.185927
CAGCTAGATGTGAC-1	Cluster 5	0.0
CAGCTCTGAGGCGA-1	Cluster 15	2.416743
CAGCTCTGCAAGCT-1	Cluster 10	2.6202278
CAGCTCTGTCGTAG-1	Cluster 9	0.0
CAGCTCTGTGTGGT-1	Cluster 3	0.0
CAGGAACTAACTGC-1	Cluster 14	0.0
CAGGAACTCTCAGA-1	Cluster 5	0.0
CAGGCCGAACACCA-1	Cluster 13	2.4961646
CAGGCCGAACACGT-1	Cluster 16	1.2677851
CAGGCCGAACGACT-1	Cluster 12	3.2629168
CAGGCCGAATCTCT-1	Cluster 8	0.0
CAGGCCGACTAGCA-1	Cluster 1	0.0
CAGGGCACCATACG-1	Cluster 1	0.0
CAGGGCACCCAACA-1	Cluster 13	2.6663167
CAGGGCACTCCCGT-1	Cluster 15	3.1270015
CAGGTAACAGACTC-1	Cluster 9	0.0
CAGGTATGAGTCGT-1	Cluster 16	1.7376271
CAGGTATGTGCTTT-1	Cluster 12	2.9678566
CAGGTTGAGGATCT-1	Cluster 1	0.0
CAGTGATGGACGGA-1	Cluster 1	0.0
CAGTGATGGCTAAC-1	Cluster 10	3.0139322
CAGTGATGGGACAG-1	Cluster 11	2.7709963
CAGTGATGTAAGGA-1	Cluster 1	0.0
CAGTGATGTACGCA-1	Cluster 1	0.0
CAGTGTGATGTCAG-1	Cluster 13	1.7712249
CAGTTACTAAGGTA-1	Cluster 1	0.0
CAGTTACTGATAGA-1	Cluster 16	2.6869037
CAGTTGGAAAGAGT-1	Cluster 9	0.0
CAGTTGGACATACG-1	Cluster 12	2.5855012
CAGTTTACACACGT-1	Cluster 3	2.8811638
CAGTTTACCCCAAA-1	Cluster 13	2.4256234
CATAAAACGGAGCA-1	Cluster 5	0.0
CATAAATGAACTGC-1	Cluster 13	2.3697407
CATAACCTTCTCCG-1	Cluster 13	2.8523927
CATACTACCTCGAA-1	Cluster 6	2.883285
CATACTACCTGAAC-1	Cluster 6	2.2221413
CATACTACGTACCA-1	Cluster 5	0.0
CATACTTGGGTTAC-1	Cluster 8	1.6454837
CATAGTCTAATCGC-1	Cluster 13	2.8994656
CATAGTCTCACTTT-1	Cluster 12	2.7564483
CATATAGACTAAGC-1	Cluster 7	0.0
CATATAGATCAGGT-1	Cluster 1	0.0
CATCAACTAGAAGT-1	Cluster 16	2.5526686
CATCAACTCCCTCA-1	Cluster 16	1.8633264
CATCAGGACTTCCG-1	Cluster 3	0.0
CATCAGGATAGCCA-1	Cluster 3	0.0
CATCAGGATCCTAT-1	Cluster 8	0.0
CATCAGGATGCACA-1	Cluster 9	0.0
CATCAGGATTTCGT-1	Cluster 5	0.0
CATCATACCGCATA-1	Cluster 9	0.0
CATCATACGGAGCA-1	Cluster 1	0.0
CATCATACTCAAGC-1	Cluster 13	2.5813513
CATCGCTGGGATCT-1	Cluster 16	2.726585
CATCGCTGTGGCAT-1	Cluster 1	0.0
CATCGGCTATGCTG-1	Cluster 6	2.307007
CATCGGCTTTGGCA-1	Cluster 6	2.5645802
CATCTCCTATGTGC-1	Cluster 1	0.0
CATCTCCTCGAACT-1	Cluster 9	0.0
CATGAGACACGGGA-1	Cluster 1	0.0
CATGAGACGTTGAC-1	Cluster 3	0.0
CATGAGACTCGCCT-1	Cluster 11	0.0
CATGCCACGGGTGA-1	Cluster 14	2.5946257
CATGCCACTGCCAA-1	Cluster 12	2.8732533
CATGCGCTAGTCAC-1	Cluster 8	0.0
CATGCGCTCAGATC-1	Cluster 5	0.0
CATGCGCTTTGCAG-1	Cluster 8	0.0
CATGGCCTAGGGTG-1	Cluster 5	0.0
CATGGCCTGTGCAT-1	Cluster 6	2.7139971
CATGTACTATCGTG-1	Cluster 10	3.2467482
CATGTTACAGTCGT-1	Cluster 14	0.0
CATGTTACCTGAGT-1	Cluster 4	0.0
CATGTTTGGGGATG-1	Cluster 5	0.0
CATTACACACGGAG-1	Cluster 1	0.0
CATTACACCAACTG-1	Cluster 3	0.0
CATTACACGGAGTG-1	Cluster 13	1.8120441
CATTACACTACTCT-1	Cluster 6	2.218847
CATTAGCTCCACAA-1	Cluster 5	0.0
CATTGACTAGCGGA-1	Cluster 5	0.0
CATTGGGACTCGAA-1	Cluster 16	3.1123853
CATTGTACAGCGTT-1	Cluster 13	1.7007912
CATTGTACTCGATG-1	Cluster 1	0.0
CATTGTACTTATCC-1	Cluster 13	1.971897
CATTGTACTTTGCT-1	Cluster 8	0.0
CATTGTTGCTAGTG-1	Cluster 13	1.7242467
CATTTCGACTCTAT-1	Cluster 14	3.3639033
CATTTCGAGATACC-1	Cluster 3	0.0
CATTTGACCACACA-1	Cluster 10	1.9350183
CATTTGACCCTGAA-1	Cluster 14	2.5311046
CATTTGTGACGACT-1	Cluster 1	0.0
CATTTGTGCATTGG-1	Cluster 13	3.1680775
CATTTGTGCGGAGA-1	Cluster 13	2.5858796
CATTTGTGGGATCT-1	Cluster 1	0.0
CCAAAGTGCTACGA-1	Cluster 9	0.0
CCAAAGTGTGAGAA-1	Cluster 5	0.0
CCAACCTGAAGTAG-1	Cluster 10	2.9801915
CCAACCTGACGTAC-1	Cluster 5	0.0
CCAACCTGTTCGCC-1	Cluster 5	1.4137607
CCAAGAACCCAATG-1	Cluster 16	2.902607
CCAAGAACGTAGCT-1	Cluster 16	1.9729624
CCAAGAACGTGTCA-1	Cluster 16	2.2589104
CCAAGAACTACTGG-1	Cluster 10	2.889145
CCAAGAACTCCTAT-1	Cluster 1	0.0
CCAAGATGTCATTC-1	Cluster 6	0.0
CCAAGATGTTTCAC-1	Cluster 12	2.998563
CCAAGTGAGGAACG-1	Cluster 13	2.0351448
CCAAGTGATCAAGC-1	Cluster 12	2.9671566
CCAATTTGAACGTC-1	Cluster 5	0.0
CCACCATGAACGTC-1	Cluster 13	0.0
CCACCATGATCGGT-1	Cluster 13	1.6103987
CCACCATGGACGAG-1	Cluster 9	0.0
CCACCATGGGGAGT-1	Cluster 6	2.3754728
CCACCATGTCCTGC-1	Cluster 10	3.5096762
CCACTGACCCGCTT-1	Cluster 5	0.0
CCACTGTGGGAAGC-1	Cluster 5	0.0
CCACTGTGTGTAGC-1	Cluster 16	1.6745725
CCACTTCTCGGGAA-1	Cluster 9	0.0
CCAGAAACCCTGTC-1	Cluster 1	0.0
CCAGAAACGAACTC-1	Cluster 15	2.1665335
CCAGAAACGGTCTA-1	Cluster 13	4.653059
CCAGACCTCTGAGT-1	Cluster 5	0.0
CCAGACCTTGTGGT-1	Cluster 15	3.0702806
CCAGCACTGCGATT-1	Cluster 9	0.0
CCAGCGGAAAGGCG-1	Cluster 5	0.0
CCAGCGGACGACTA-1	Cluster 5	0.0
CCAGCGGATGGGAG-1	Cluster 16	1.9761678
CCAGCTACACAGTC-1	Cluster 6	2.8939679
CCAGCTACCAGCTA-1	Cluster 1	0.0
CCAGGTCTACACCA-1	Cluster 1	0.0
CCAGGTCTAGCATC-1	Cluster 5	0.0
CCAGGTCTATGGTC-1	Cluster 16	4.5619507
CCAGTCACACTGGT-1	Cluster 5	0.0
CCAGTCACACTGTG-1	Cluster 1	0.0
CCAGTCACGTTGTG-1	Cluster 13	2.9748845
CCAGTGCTAACCAC-1	Cluster 16	2.9256885
CCAGTGCTCGTAGT-1	Cluster 15	2.175479
CCATCCGAAAGCAA-1	Cluster 16	0.0
CCATCCGAACGACT-1	Cluster 14	2.464082
CCATCCGAAGGTTC-1	Cluster 1	0.0
CCATCCGATTCGCC-1	Cluster 5	0.0
CCATCGTGAACGGG-1	Cluster 16	2.3087735
CCATCGTGCTAGAC-1	Cluster 9	0.0
CCCAACACCTCGCT-1	Cluster 1	0.0
CCCAACACGCATCA-1	Cluster 6	0.0
CCCAACACTTTGTC-1	Cluster 5	0.0
CCCAACTGCAATCG-1	Cluster 5	0.0
CCCAGACTGCCTTC-1	Cluster 9	1.1321003
CCCAGACTGGTTTG-1	Cluster 1	0.0
CCCAGACTTTCGCC-1	Cluster 8	0.0
CCCAGTTGCAGTTG-1	Cluster 9	0.0
CCCAGTTGGGTACT-1	Cluster 16	1.900841
CCCAGTTGTCTATC-1	Cluster 1	0.0
CCCGATTGTGTTTC-1	Cluster 16	1.6863012
CCCGGAGAAGGGTG-1	Cluster 5	0.0
CCCTACGAATTGGC-1	Cluster 5	1.8503318
CCCTAGTGCAAAGA-1	Cluster 11	2.5843675
CCCTCAGACACTTT-1	Cluster 1	0.0
CCCTCAGACGAGAG-1	Cluster 16	2.4206264
CCCTCAGAGGTCAT-1	Cluster 13	2.387057
CCCTGAACTAAAGG-1	Cluster 1	0.0
CCCTGATGCAACCA-1	Cluster 16	3.219754
CCCTGATGCAAGCT-1	Cluster 1	0.0
CCCTTACTAACCAC-1	Cluster 9	1.3371567
CCCTTACTGCAGTT-1	Cluster 14	2.422809
CCGAAAACCTTGTT-1	Cluster 9	0.0
CCGACACTGGTTTG-1	Cluster 16	1.3879466
CCGACTACCCAGTA-1	Cluster 5	0.0
CCGACTACCGTGTA-1	Cluster 13	3.3489397
CCGACTACTGAGGG-1	Cluster 10	2.2440767
CCGATAGACCTAAG-1	Cluster 13	2.580975
CCGATAGAGTTGGT-1	Cluster 9	0.0
CCGCGAGACACACA-1	Cluster 5	0.0
CCGCGAGAGGTTCA-1	Cluster 14	1.8064935
CCGCTATGGGACGA-1	Cluster 1	0.0
CCGCTATGTGCAAC-1	Cluster 5	0.0
CCGCTATGTGCACA-1	Cluster 5	0.0
CCGGTACTGTCCTC-1	Cluster 13	2.5664275
CCGTACACAAGCAA-1	Cluster 16	2.5226293
CCGTACACAGCGTT-1	Cluster 1	1.7888488
CCGTACACGTCATG-1	Cluster 10	3.5472782
CCGTACACGTTGGT-1	Cluster 5	0.0
CCGTACACTAACGC-1	Cluster 14	1.7744708
CCTAAACTTTCGTT-1	Cluster 6	0.0
CCTAAGGACCCAAA-1	Cluster 6	1.7688001
CCTAAGGACTAGCA-1	Cluster 5	0.0
CCTAAGGAGGGCAA-1	Cluster 14	2.6073318
CCTAAGGATGATGC-1	Cluster 12	3.8840153
CCTAAGGATGTCAG-1	Cluster 13	2.6999676
CCTACCGACTCTTA-1	Cluster 13	3.311021
CCTACCGAGGGATG-1	Cluster 1	0.0
CCTAGAGAGGTGAG-1	Cluster 1	0.0
CCTATAACCAAAGA-1	Cluster 13	1.5898882
CCTATAACGAGACG-1	Cluster 8	0.0
CCTATAACTCAGAC-1	Cluster 11	2.1412804
CCTATAACTGCATG-1	Cluster 8	0.0
CCTCGAACACTTTC-1	Cluster 3	0.0
CCTCGAACCCGTAA-1	Cluster 9	0.0
CCTCGAACGTATCG-1	Cluster 16	1.9708331
CCTCGAACTTACTC-1	Cluster 16	2.6073318
CCTCTACTCTTCGC-1	Cluster 5	1.1756176
CCTCTACTGGCATT-1	Cluster 13	1.7219784
CCTGACTGAAGTAG-1	Cluster 14	2.7145452
CCTGACTGGGGAGT-1	Cluster 6	1.5958183
CCTGACTGTGTCTT-1	Cluster 1	0.0
CCTGCAACACGTTG-1	Cluster 5	0.0
CCTGGACTCGTGAT-1	Cluster 16	2.126507
CCTTAATGCCCAAA-1	Cluster 1	0.0
CCTTAATGTTCTAC-1	Cluster 9	0.0
CCTTCACTACGACT-1	Cluster 13	3.1806643
CCTTCACTCAGTCA-1	Cluster 1	0.0
CCTTCACTGGAGTG-1	Cluster 5	0.0
CCTTTAGATTCATC-1	Cluster 5	0.0
CGAACATGCCCTAC-1	Cluster 9	0.0
CGAACATGTCAGAC-1	Cluster 12	1.7088922
CGAAGACTGGAACG-1	Cluster 14	2.2173872
CGAAGACTGTTACG-1	Cluster 16	1.9105867
CGAAGGGAAACCTG-1	Cluster 10	2.7014794
CGAAGGGATCCGAA-1	Cluster 1	0.0
CGAAGTACCAACTG-1	Cluster 1	0.0
CGAATCGAGGAGCA-1	Cluster 5	2.9020646
CGAATCGAGGAGGT-1	Cluster 16	2.8287072
CGACAAACCCATAG-1	Cluster 16	2.7035353
CGACAAACCGACAT-1	Cluster 1	0.0
CGACCACTAAAGTG-1	Cluster 3	0.0
CGACCACTGCCAAT-1	Cluster 3	0.0
CGACCGGAAGGTCT-1	Cluster 13	1.5402355
CGACCGGATGGAAA-1	Cluster 16	2.4948032
CGACCTTGCTAGTG-1	Cluster 16	1.8014076
CGACGTCTATCGTG-1	Cluster 14	3.0242736
CGACGTCTCGTGTA-1	Cluster 16	2.4190707
CGACGTCTGAGGCA-1	Cluster 12	2.347629
CGACTCACGTCGTA-1	Cluster 13	2.3281806
CGACTCACGTTGCA-1	Cluster 6	2.960015
CGACTCTGTGTGAC-1	Cluster 15	1.9998213
CGACTGCTTCCTCG-1	Cluster 9	0.0
CGAGAACTAAGGCG-1	Cluster 10	3.0869234
CGAGAACTACGTTG-1	Cluster 13	1.8608006
CGAGAACTTGTTCT-1	Cluster 5	0.0
CGAGATTGGACACT-1	Cluster 10	0.0
CGAGATTGGCCATA-1	Cluster 10	2.3605642
CGAGCCGAACACCA-1	Cluster 16	2.239192
CGAGCCGAGGCGAA-1	Cluster 4	2.5847452
CGAGCGTGCTCCAC-1	Cluster 14	2.5733907
CGAGCGTGGATACC-1	Cluster 16	2.9368918
CGAGCGTGTATGCG-1	Cluster 5	0.0
CGAGGAGACCTCCA-1	Cluster 1	0.0
CGAGGAGATGTCGA-1	Cluster 13	2.3374248
CGAGGCACCTATGG-1	Cluster 10	2.409337
CGAGGCACTATGCG-1	Cluster 9	0.0
CGAGGCACTCTTCA-1	Cluster 14	3.5216649
CGAGGCTGACGCTA-1	Cluster 3	0.0
CGAGGCTGGCAGTT-1	Cluster 5	0.0
CGAGGGCTACGACT-1	Cluster 1	0.0
CGAGGGCTCGAATC-1	Cluster 13	3.1398087
CGAGTATGTCACCC-1	Cluster 8	0.0
CGATACGAACAGTC-1	Cluster 9	1.4544008
CGATACGACAGGAG-1	Cluster 12	2.7633095
CGATACGATTCACT-1	Cluster 1	0.0
CGATAGACCCGTAA-1	Cluster 9	0.0
CGATAGACCGTACA-1	Cluster 15	1.7552146
CGATAGACGTAGGG-1	Cluster 5	0.0
CGATAGACTGTTCT-1	Cluster 15	2.1631196
CGATCAGAAGAACA-1	Cluster 10	3.4914234
CGATCAGAGAGGGT-1	Cluster 6	2.1216433
CGATCAGAGGTACT-1	Cluster 16	1.0800302
CGATCAGATGTGAC-1	Cluster 7	0.89442235
CGATCCACCGGGAA-1	Cluster 14	1.4097708
CGATCCACTTCCAT-1	Cluster 1	0.0
CGCAAATGCTCGAA-1	Cluster 13	2.387057
CGCAACCTCCTTGC-1	Cluster 4	1.6724614
CGCAACCTGGACGA-1	Cluster 16	3.114988
CGCACGGAGGACGA-1	Cluster 1	0.0
CGCACGGATCTTTG-1	Cluster 13	2.429391
CGCACTACAGAATG-1	Cluster 6	2.838752
CGCACTACAGCCAT-1	Cluster 16	1.9342583
CGCACTACATTGGC-1	Cluster 16	1.5153769
CGCACTACTCGCCT-1	Cluster 1	0.0
CGCACTACTCGTGA-1	Cluster 14	2.7399206
CGCACTTGTCACGA-1	Cluster 5	0.0
CGCAGGACAGATCC-1	Cluster 14	2.3063285
CGCAGGACCTACTT-1	Cluster 13	2.9828568
CGCAGGACTTGTCT-1	Cluster 9	0.0
CGCAGGTGCACTGA-1	Cluster 15	1.5327905
CGCAGGTGCCATAG-1	Cluster 8	0.0
CGCAGGTGGGAACG-1	Cluster 12	2.279514
CGCATAGATCACGA-1	Cluster 5	0.0
CGCCATACTGCAAC-1	Cluster 16	1.9169909
CGCCATTGAGAGGC-1	Cluster 13	2.472983
CGCCATTGCTATGG-1	Cluster 13	1.8831432
CGCCATTGGAGACG-1	Cluster 16	2.2763703
CGCCATTGGAGCAG-1	Cluster 1	1.7818289
CGCCATTGTACTGG-1	Cluster 1	0.0
CGCCGAGAGCTTAG-1	Cluster 3	0.0
CGCCTAACGAATGA-1	Cluster 9	0.0
CGCCTAACTGCTCC-1	Cluster 16	1.9066731
CGCGAGACACAGCT-1	Cluster 14	2.6642432
CGCGAGACAGGTCT-1	Cluster 1	0.0
CGCGAGACGCTACA-1	Cluster 15	2.787241
CGCGATCTCAGTCA-1	Cluster 9	0.0
CGCGATCTGTTGAC-1	Cluster 5	0.0
CGCGATCTTTCTTG-1	Cluster 1	0.0
CGCGGATGGCCAAT-1	Cluster 16	2.2850447
CGCTAAGAATGTCG-1	Cluster 15	2.1281347
CGCTAAGACAACTG-1	Cluster 16	1.5276862
CGCTAAGACCCTTG-1	Cluster 16	2.5217512
CGCTACTGAACAGA-1	Cluster 9	0.0
CGCTACTGAGAACA-1	Cluster 15	1.622036
CGCTACTGTGAGCT-1	Cluster 16	3.0804608
CGCTACTGTTCCCG-1	Cluster 10	3.1324384
CGCTCATGCATTTC-1	Cluster 5	0.0
CGGAATTGGTTTGG-1	Cluster 15	2.446076
CGGAATTGTGGAGG-1	Cluster 12	2.635721
CGGACCGATGCGTA-1	Cluster 10	3.6673274
CGGACCGATGGGAG-1	Cluster 6	0.0
CGGACTCTAAACAG-1	Cluster 1	0.0
CGGACTCTCCAATG-1	Cluster 15	2.3965328
CGGACTCTCCTCGT-1	Cluster 10	3.1060803
CGGAGGCTATTCCT-1	Cluster 16	0.0
CGGAGGCTTGGATC-1	Cluster 6	1.5098591
CGGATAACAACGAA-1	Cluster 5	0.0
CGGATAACAGCTCA-1	Cluster 16	1.6315598
CGGATAACTCAGTG-1	Cluster 5	0.0
CGGCACGAACTCAG-1	Cluster 14	2.6539488
CGGCACGAAGGGTG-1	Cluster 15	2.588532
CGGCACGACTACGA-1	Cluster 8	0.0
CGGCATCTTAGAAG-1	Cluster 6	1.7992991
CGGCATCTTCGTAG-1	Cluster 5	0.0
CGGCCAGAAAGGTA-1	Cluster 16	0.0
CGGCCAGAGAGGCA-1	Cluster 10	2.8677573
CGGCGAACCAGTCA-1	Cluster 9	0.0
CGGCGAACGACAAA-1	Cluster 3	0.0
CGGCGAACGGTCTA-1	Cluster 16	2.8339665
CGGCGAACTACTTC-1	Cluster 3	0.0
CGGGACTGCGTGTA-1	Cluster 13	1.7360849
CGGGACTGGAATAG-1	Cluster 10	2.766516
CGGGCATGACCCAA-1	Cluster 10	3.0145464
CGGGCATGTCTCTA-1	Cluster 3	0.0
CGGGCATGTTGTGG-1	Cluster 6	2.9552562
CGGTAAACTCGCAA-1	Cluster 14	2.355078
CGGTCACTGTTTGG-1	Cluster 16	2.33658
CGGTCACTTACTTC-1	Cluster 16	2.7969208
CGTAACGATCGCCT-1	Cluster 16	2.5423577
CGTACCACACACAC-1	Cluster 12	1.7571962
CGTACCACACGTTG-1	Cluster 6	2.3285985
CGTACCACCTCATT-1	Cluster 13	2.2403166
CGTACCACGGAGCA-1	Cluster 4	2.339964
CGTACCTGGCATCA-1	Cluster 3	0.0
CGTAGCCTCTCTCG-1	Cluster 5	0.0
CGTAGCCTGCGAAG-1	Cluster 15	1.6975043
CGTAGCCTGTATGC-1	Cluster 9	0.0
CGTCAAGAAAGGTA-1	Cluster 5	0.0
CGTCAAGAACGTGT-1	Cluster 13	2.4555988
CGTCAAGACAGAGG-1	Cluster 16	1.5339303
CGTCAAGACAGGAG-1	Cluster 10	3.5074313
CGTCCATGCTCTTA-1	Cluster 11	1.5350722
CGTCGACTTTCCGC-1	Cluster 14	2.31574
CGTGATGACGCTAA-1	Cluster 13	0.0
CGTGATGAGGTTCA-1	Cluster 14	1.9047239
CGTGCACTTATGGC-1	Cluster 9	0.0
CGTGTAGAAAAACG-1	Cluster 15	3.4205358
CGTGTAGACGATAC-1	Cluster 3	0.0
CGTGTAGAGTTACG-1	Cluster 3	0.0
CGTGTAGAGTTCAG-1	Cluster 5	0.0
CGTGTAGATTCGGA-1	Cluster 3	0.0
CGTTAGGAAACCAC-1	Cluster 13	2.6654868
CGTTAGGATCATTC-1	Cluster 9	0.0
CGTTATACCCTGAA-1	Cluster 10	3.262514
CGTTTAACTGGTCA-1	Cluster 16	2.9481223
CTAAACCTCTGACA-1	Cluster 3	0.0
CTAAACCTGTGCAT-1	Cluster 1	0.0
CTAACACTAACGTC-1	Cluster 16	2.1085014
CTAACACTAGTGCT-1	Cluster 9	0.0
CTAACGGAACCGAT-1	Cluster 3	0.0
CTAACGGATTTCTG-1	Cluster 6	2.9297335
CTAACTACGGCAAG-1	Cluster 14	3.6851234
CTAAGGACACCATG-1	Cluster 6	3.3708427
CTAAGGACCGTTAG-1	Cluster 13	2.479804
CTAAGGACGCCATA-1	Cluster 5	0.0
CTAAGGTGCCTAAG-1	Cluster 1	0.0
CTAAGGTGTTGCAG-1	Cluster 16	2.0488586
CTAAGGTGTTTCTG-1	Cluster 6	2.3897533
CTAATAGAGCTATG-1	Cluster 6	2.8716795
CTAATGCTTGTGGT-1	Cluster 5	0.0
CTACAACTCCCGTT-1	Cluster 10	3.3445323
CTACCTCTCAACCA-1	Cluster 14	0.0
CTACGCACACCTAG-1	Cluster 8	1.3065041
CTACGCACTCTCCG-1	Cluster 12	2.5151079
CTACGCACTGGTCA-1	Cluster 10	1.618783
CTACGGCTTTCTTG-1	Cluster 9	1.2683357
CTACTATGAACCAC-1	Cluster 5	0.0
CTACTATGATGTGC-1	Cluster 5	0.0
CTACTATGCTAAGC-1	Cluster 14	1.5466028
CTACTATGTAAAGG-1	Cluster 1	0.0
CTACTCCTATGTCG-1	Cluster 3	0.0
CTACTCCTGCCATA-1	Cluster 5	0.0
CTAGAGACACTTTC-1	Cluster 13	2.8106139
CTAGAGACAGCATC-1	Cluster 10	3.4883423
CTAGAGACTTTGGG-1	Cluster 9	0.0
CTAGATCTCTCTAT-1	Cluster 16	2.4829838
CTAGATCTTCGACA-1	Cluster 16	1.6449213
CTAGGATGAGCCTA-1	Cluster 2	0.0
CTAGGATGATCGTG-1	Cluster 1	0.0
CTAGGCCTCTCAGA-1	Cluster 15	1.7925932
CTAGGTGATGGTTG-1	Cluster 8	0.0
CTAGTTACCAGAGG-1	Cluster 16	1.5365024
CTAGTTACCGCATA-1	Cluster 6	2.6182616
CTAGTTACGAAACA-1	Cluster 3	0.0
CTATAAGATCGTTT-1	Cluster 1	0.0
CTATACTGAGGTTC-1	Cluster 5	0.0
CTATACTGCCAGTA-1	Cluster 13	1.5506874
CTATACTGCGCTAA-1	Cluster 5	0.0
CTATACTGCTACGA-1	Cluster 3	1.7395598
CTATACTGTCTCAT-1	Cluster 3	0.0
CTATACTGTTCGTT-1	Cluster 2	1.127562
CTATAGCTGTCACA-1	Cluster 13	2.3433619
CTATAGCTTCGCTC-1	Cluster 5	0.0
CTATAGCTTGCCTC-1	Cluster 9	0.0
CTATCAACGAACTC-1	Cluster 13	2.1894405
CTATCAACGCAGAG-1	Cluster 16	2.3499138
CTATCAACTTTGGG-1	Cluster 13	1.7683967
CTATCCCTCCACCT-1	Cluster 5	0.0
CTATGTACGAGAGC-1	Cluster 15	2.355078
CTATGTACGCTTAG-1	Cluster 16	2.3649213
CTATGTACTGTTTC-1	Cluster 1	2.2287703
CTATGTTGAAAGCA-1	Cluster 12	1.4246892
CTATGTTGTCCTCG-1	Cluster 6	2.5826695
CTATGTTGTCTCGC-1	Cluster 16	2.8998983
CTATTGACAAACGA-1	Cluster 5	0.0
CTATTGACACTGGT-1	Cluster 9	0.0
CTATTGACGGTGAG-1	Cluster 8	1.2585068
CTATTGTGGCAAGG-1	Cluster 16	1.8176379
CTCAATTGGTTCAG-1	Cluster 16	1.9710989
CTCAATTGGTTGCA-1	Cluster 5	0.0
CTCAGAGATAGAAG-1	Cluster 13	2.1734056
CTCAGCACTCTAGG-1	Cluster 16	3.1059785
CTCAGCACTGAACC-1	Cluster 9	0.0
CTCAGCACTTGCAG-1	Cluster 6	3.1137543
CTCAGCTGAACCTG-1	Cluster 5	0.0
CTCAGCTGCAGTTG-1	Cluster 14	2.6253614
CTCAGGCTCGTTGA-1	Cluster 8	0.0
CTCAGGCTGCTAAC-1	Cluster 15	2.2350817
CTCATTGACCTTAT-1	Cluster 16	2.3672545
CTCATTGATGCTTT-1	Cluster 8	1.4645448
CTCCACGAGAGATA-1	Cluster 7	0.0
CTCCATCTCTTAGG-1	Cluster 13	2.9940476
CTCCATCTGACGAG-1	Cluster 13	2.0703511
CTCCGAACAAGTGA-1	Cluster 8	0.0
CTCCTACTGCCTTC-1	Cluster 9	0.0
CTCGAAGATGTGGT-1	Cluster 13	2.0509222
CTCGAAGATTAGGC-1	Cluster 5	0.0
CTCGACTGCTCTAT-1	Cluster 16	2.9168253
CTCGACTGGGTGAG-1	Cluster 13	0.0
CTCGACTGGTTGAC-1	Cluster 3	0.0
CTCGAGCTCTGGAT-1	Cluster 10	2.2662365
CTCGCATGACTTTC-1	Cluster 4	2.4744754
CTCGCATGCTTAGG-1	Cluster 16	1.7167144
CTCTAAACCTCGAA-1	Cluster 13	2.6535394
CTCTAAACGGCGAA-1	Cluster 6	1.7905105
CTCTAATGTCCAAG-1	Cluster 5	0.0
CTGAACGACAGTCA-1	Cluster 6	1.5390846
CTGAACGATGAGGG-1	Cluster 15	2.0151632
CTGAAGACCCAACA-1	Cluster 16	2.4763033
CTGAAGACGTGCAT-1	Cluster 1	0.0
CTGAAGTGAAGCCT-1	Cluster 8	0.0
CTGAAGTGCAGCTA-1	Cluster 1	0.0
CTGAAGTGGCTATG-1	Cluster 6	1.838676
CTGAAGTGTCCAGA-1	Cluster 15	1.9545308
CTGAATCTGAATAG-1	Cluster 12	1.7822399
CTGACAGAATCGTG-1	Cluster 10	3.5361166
CTGACCACAGCAAA-1	Cluster 13	0.0
CTGAGAACCGGGAA-1	Cluster 16	2.417208
CTGAGAACGTAAAG-1	Cluster 3	0.0
CTGATACTAGTAGA-1	Cluster 13	0.0
CTGATTTGGTGTTG-1	Cluster 5	0.0
CTGCAGCTAACCGT-1	Cluster 13	0.0
CTGCAGCTGACACT-1	Cluster 6	2.3675466
CTGCAGCTGGATTC-1	Cluster 9	0.0
CTGCAGCTTGGCAT-1	Cluster 14	2.1624384
CTGCCAACAGGAGC-1	Cluster 14	2.4423926
CTGCCAACCAGCTA-1	Cluster 11	2.678863
CTGCCAACTAACCG-1	Cluster 9	0.0
CTGCCAACTGCTCC-1	Cluster 14	2.8357267
CTGCCAACTTGCAG-1	Cluster 13	0.0
CTGCCAACTTGCTT-1	Cluster 14	2.2592943
CTGCGACTCCACCT-1	Cluster 14	2.743088
CTGGAAACAAACGA-1	Cluster 10	3.0966532
CTGGAAACATCGAC-1	Cluster 13	3.7574956
CTGGATGACTGGAT-1	Cluster 10	2.7554133
CTGGATGACTTGTT-1	Cluster 12	2.6896715
CTGGATGATGTGAC-1	Cluster 1	0.0
CTGGCACTCAAGCT-1	Cluster 5	0.0
CTGTAACTAACCAC-1	Cluster 16	2.9682941
CTGTAACTAGCGTT-1	Cluster 12	0.0
CTGTATACGTAAAG-1	Cluster 14	2.417208
CTGTATACGTACGT-1	Cluster 9	0.0
CTGTATACGTTGGT-1	Cluster 16	1.8672471
CTGTGAGACAACCA-1	Cluster 8	0.0
CTGTGAGACCTTGC-1	Cluster 10	2.9470956
CTGTGAGACGAACT-1	Cluster 5	0.0
CTGTGAGACTGTAG-1	Cluster 5	0.0
CTTAAAGAACCTGA-1	Cluster 13	2.6433704
CTTAACACCTGTAG-1	Cluster 13	1.7639754
CTTAACACTATCGG-1	Cluster 1	0.0
CTTAAGCTACCTAG-1	Cluster 16	1.6551186
CTTAAGCTAGTACC-1	Cluster 6	2.4739776
CTTAAGCTCATCAG-1	Cluster 13	0.0
CTTAAGCTCCGCTT-1	Cluster 1	0.0
CTTACAACTAACGC-1	Cluster 4	1.6527255
CTTACAACTCCCGT-1	Cluster 5	0.0
CTTACTGACGTACA-1	Cluster 13	2.842295
CTTAGACTAAACGA-1	Cluster 16	2.6042342
CTTAGGGACTTGCC-1	Cluster 15	3.047384
CTTAGGGAGAATCC-1	Cluster 13	2.580975
CTTATCGACTCATT-1	Cluster 16	2.4134948
CTTCACCTACCTGA-1	Cluster 8	0.0
CTTCATGAAGCATC-1	Cluster 1	0.0
CTTCATGAAGTACC-1	Cluster 6	0.0
CTTCATGACCGAAT-1	Cluster 14	0.0
CTTGAACTACGCAT-1	Cluster 15	0.0
CTTGATTGAGGTTC-1	Cluster 10	3.2556958
CTTGATTGATCTTC-1	Cluster 9	0.0
CTTGATTGCATTCT-1	Cluster 12	3.3091567
CTTGATTGTTTCGT-1	Cluster 6	2.3295746
CTTGTATGACACCA-1	Cluster 1	0.0
CTTGTATGCGCAAT-1	Cluster 1	0.0
CTTTACGAGCGAAG-1	Cluster 13	2.0468006
CTTTAGACCGTGAT-1	Cluster 13	0.0
CTTTAGACGAGACG-1	Cluster 11	0.0
CTTTAGACGATACC-1	Cluster 6	1.609438
CTTTAGACGTTGGT-1	Cluster 14	1.4827027
CTTTAGACTCATTC-1	Cluster 10	1.6059272
CTTTAGTGACGGGA-1	Cluster 3	0.0
CTTTAGTGGGTGGA-1	Cluster 13	2.5753505
CTTTCAGAGAAACA-1	Cluster 16	1.6107191
CTTTGATGAGCACT-1	Cluster 15	0.0
CTTTGATGTCTAGG-1	Cluster 14	1.8193679
CTTTGATGTGTCCC-1	Cluster 16	1.3580245
CTTTGATGTGTGGT-1	Cluster 13	2.5686495
GAAACAGAACTACG-1	Cluster 15	2.4162781
GAAACAGAATCACG-1	Cluster 12	1.7204704
GAAACAGACATTCT-1	Cluster 6	0.0
GAAACCTGATCGTG-1	Cluster 6	2.569763
GAAACCTGATGCCA-1	Cluster 12	2.2373211
GAAACCTGCTTATC-1	Cluster 12	1.871189
GAAACCTGGACTAC-1	Cluster 8	0.0
GAAACCTGTGCTAG-1	Cluster 11	2.5343046
GAAAGATGATTTCC-1	Cluster 16	1.609118
GAAAGATGCTGATG-1	Cluster 8	0.0
GAAAGATGCTTCGC-1	Cluster 5	0.0
GAAAGATGTAAGGA-1	Cluster 4	2.7948995
GAAAGCCTACGTTG-1	Cluster 1	0.0
GAAAGTGAAAGTGA-1	Cluster 7	0.96275777
GAAAGTGACCACAA-1	Cluster 5	0.0
GAAAGTGACTCAAG-1	Cluster 16	2.2956843
GAAATACTACCAAC-1	Cluster 5	0.0
GAAATACTCTTAGG-1	Cluster 1	0.0
GAAATACTTCCTCG-1	Cluster 12	2.7558732
GAACACACGTGCAT-1	Cluster 5	0.0
GAACACACTGCCTC-1	Cluster 13	1.7250044
GAACAGCTAACTGC-1	Cluster 9	0.0
GAACAGCTCTCAGA-1	Cluster 8	0.0
GAACCAACCACAAC-1	Cluster 14	0.0
GAACCAACTTCCGC-1	Cluster 3	0.0
GAACCTGAACGTGT-1	Cluster 14	1.9889452
GAACCTGAGAGACG-1	Cluster 12	2.200788
GAACCTGATGAACC-1	Cluster 11	2.7035353
GAACGGGATACTTC-1	Cluster 13	1.7781403
GAACTGTGACCTGA-1	Cluster 8	0.0
GAACTGTGCCAGTA-1	Cluster 5	0.0
GAAGAATGCAATCG-1	Cluster 6	2.357961
GAAGCGGACCTATT-1	Cluster 9	0.0
GAAGCTACGAATGA-1	Cluster 9	0.0
GAAGCTACGGTTTG-1	Cluster 12	3.3796587
GAAGGGTGAAAGTG-1	Cluster 16	1.6181343
GAAGGGTGCTTAGG-1	Cluster 5	0.0
GAAGGTCTGAAAGT-1	Cluster 15	2.279514
GAAGGTCTGTTGCA-1	Cluster 13	2.3357363
GAAGGTCTTAAAGG-1	Cluster 7	0.0
GAAGTAGACTCCCA-1	Cluster 14	1.8476254
GAAGTAGATCCAAG-1	Cluster 8	0.0
GAAGTCACCCTCGT-1	Cluster 5	1.855775
GAAGTCACCCTGTC-1	Cluster 1	0.0
GAAGTCTGTCGCAA-1	Cluster 1	0.0
GAAGTCTGTTCTGT-1	Cluster 13	0.0
GAAGTGCTAAACGA-1	Cluster 3	0.0
GAAGTGCTCCGCTT-1	Cluster 9	0.0
GAAGTGCTTAACCG-1	Cluster 4	1.5821656
GAATGCACCCTAAG-1	Cluster 16	1.4564164
GAATGCACCTTCGC-1	Cluster 3	1.8001417
GAATGCTGCGGTAT-1	Cluster 6	2.5398443
GAATTAACGATAAG-1	Cluster 13	3.7643309
GAATTAACGGTCAT-1	Cluster 11	2.8138494
GAATTAACGTCGTA-1	Cluster 3	0.0
GAATTAACTGAAGA-1	Cluster 1	0.0
GACAACACAGGCGA-1	Cluster 6	2.1699622
GACAACACATCGTG-1	Cluster 13	2.5316372
GACAACACTCGCCT-1	Cluster 13	2.2998447
GACAACTGAGGTTC-1	Cluster 16	1.609118
GACAGGGAAGAGTA-1	Cluster 1	0.0
GACAGGGAATGCCA-1	Cluster 15	2.18208
GACAGTACGAGCTT-1	Cluster 8	0.0
GACAGTACTTCGGA-1	Cluster 8	0.0
GACAGTTGAGTAGA-1	Cluster 1	1.4394888
GACATTCTCCACCT-1	Cluster 7	0.0
GACCAAACGACTAC-1	Cluster 5	0.0
GACCAAACGTATCG-1	Cluster 9	0.0
GACCCTACTAAAGG-1	Cluster 1	0.0
GACCTAGACCTCAC-1	Cluster 16	2.889145
GACCTAGACGAGAG-1	Cluster 13	2.5319922
GACCTCACAAGGTA-1	Cluster 13	1.8686359
GACCTCACGTACGT-1	Cluster 9	0.0
GACCTCTGCATCAG-1	Cluster 13	1.7888488
GACGAACTCCCACT-1	Cluster 13	3.170552
GACGATTGCCAATG-1	Cluster 1	0.0
GACGCCGACCTTCG-1	Cluster 16	2.7581758
GACGCTCTCTCTCG-1	Cluster 17	0.0
GACGGCACACGGGA-1	Cluster 3	0.0
GACGGCACGAGATA-1	Cluster 5	0.0
GACGTAACCTATGG-1	Cluster 16	2.6759195
GACGTAACCTGTGA-1	Cluster 16	3.4883971
GACGTAACTATGGC-1	Cluster 12	2.8053448
GACGTATGTTGACG-1	Cluster 6	2.8131132
GACGTATGTTTGCT-1	Cluster 6	2.8677573
GACGTCCTACGGAG-1	Cluster 15	2.9428298
GACGTCCTCTCAAG-1	Cluster 9	0.0
GACGTCCTGATAAG-1	Cluster 1	0.0
GACTACGATGGTCA-1	Cluster 1	0.0
GACTCCTGCTCGCT-1	Cluster 11	1.8516889
GACTCCTGGGTTAC-1	Cluster 13	2.511632
GACTCCTGTTATCC-1	Cluster 15	0.0
GACTCCTGTTGGTG-1	Cluster 5	1.5425436
GACTGAACCAATCG-1	Cluster 5	0.0
GACTGATGTGATGC-1	Cluster 13	1.5630976
GACTTTACATGCCA-1	Cluster 6	0.0
GACTTTACGACAGG-1	Cluster 1	0.0
GAGAAATGTTCTCA-1	Cluster 1	0.0
GAGATAGAAAAAGC-1	Cluster 9	0.0
GAGATCACGACAAA-1	Cluster 8	0.0
GAGATGCTCTGGAT-1	Cluster 14	2.3644845
GAGATGCTGAATGA-1	Cluster 16	3.357461
GAGCAGGATTCCCG-1	Cluster 14	1.8346845
GAGCATACTTTGCT-1	Cluster 8	1.942404
GAGCGCACGCGTAT-1	Cluster 5	0.0
GAGCGCACGGTGAG-1	Cluster 14	3.3813038
GAGCGCTGAAGATG-1	Cluster 3	0.0
GAGCGCTGTCTTAC-1	Cluster 5	0.0
GAGCGGCTGGGAGT-1	Cluster 1	2.0253744
GAGGACGACTCAGA-1	Cluster 15	2.2554631
GAGGATCTGAAAGT-1	Cluster 1	0.0
GAGGCAGACTTGCC-1	Cluster 10	3.3249524
GAGGGAACACCAGT-1	Cluster 12	2.9385843
GAGGGAACGAGGGT-1	Cluster 15	0.0
GAGGGATGGGAAAT-1	Cluster 15	3.322158
GAGGGCCTTCACCC-1	Cluster 16	2.8407748
GAGGGTGAAGAGTA-1	Cluster 6	2.1627789
GAGGTACTACGGTT-1	Cluster 13	1.7748777
GAGGTACTACTCAG-1	Cluster 5	0.0
GAGGTACTGACACT-1	Cluster 3	0.0
GAGGTACTGGGAGT-1	Cluster 16	0.0
GAGGTACTTAGCGT-1	Cluster 9	0.0
GAGGTGGAGTACGT-1	Cluster 13	0.0
GAGGTGGATCCTCG-1	Cluster 3	0.0
GAGGTTACTCGTTT-1	Cluster 5	2.1955671
GAGGTTTGTAAGCC-1	Cluster 5	0.0
GAGTCAACCATTCT-1	Cluster 12	0.0
GAGTCAACGGGAGT-1	Cluster 13	2.1533015
GAGTCTGATCGTGA-1	Cluster 13	1.6578639
GAGTCTGATTTGGG-1	Cluster 1	0.0
GAGTGACTCAGCTA-1	Cluster 12	2.4328597
GAGTGACTCGGTAT-1	Cluster 10	2.6907382
GAGTGACTCTTGCC-1	Cluster 1	0.0
GAGTGACTGACTAC-1	Cluster 1	0.0
GAGTGACTGTCTAG-1	Cluster 13	1.7333943
GAGTGGGAGTCTTT-1	Cluster 1	0.0
GAGTGGGATGCCCT-1	Cluster 13	2.8426752
GAGTGGGATGCTGA-1	Cluster 1	0.0
GAGTGTTGCTGTAG-1	Cluster 16	2.7302628
GAGTGTTGTGGTCA-1	Cluster 13	0.0
GAGTTGTGCATGGT-1	Cluster 5	0.0
GAGTTGTGCTGAGT-1	Cluster 10	2.7725887
GAGTTGTGGCGAGA-1	Cluster 5	0.0
GAGTTGTGGTAGCT-1	Cluster 17	0.0
GAGTTGTGTATGCG-1	Cluster 8	0.0
GATAAGGAGAAACA-1	Cluster 5	0.0
GATAAGGATTCACT-1	Cluster 5	0.0
GATACTCTATCGGT-1	Cluster 4	2.255081
GATACTCTTACTTC-1	Cluster 13	2.0721693
GATACTCTTGACTG-1	Cluster 5	0.0
GATAGAGAAGGGTG-1	Cluster 10	3.5533795
GATAGAGACTGTGA-1	Cluster 16	1.7992991
GATAGAGATCACGA-1	Cluster 7	0.0
GATAGCACCCATAG-1	Cluster 16	2.7827249
GATAGCACGAAGGC-1	Cluster 9	0.0
GATAGCACTTGTCT-1	Cluster 13	2.8901074
GATATAACAAGGTA-1	Cluster 16	2.5929074
GATATAACACGCAT-1	Cluster 11	2.2926111
GATATATGCTGGAT-1	Cluster 13	1.55775
GATATATGTCCGTC-1	Cluster 10	3.135064
GATATATGTGGAGG-1	Cluster 5	2.1913204
GATATCCTAGAAGT-1	Cluster 13	2.270898
GATATCCTCCCGTT-1	Cluster 5	0.0
GATATTGACAGGAG-1	Cluster 14	2.5273862
GATATTGACGAGTT-1	Cluster 8	0.0
GATATTGAGCCAAT-1	Cluster 13	2.2247128
GATCCCTGACCTTT-1	Cluster 3	0.0
GATCCCTGTGTAGC-1	Cluster 10	1.6682588
GATCCGCTGGTCAT-1	Cluster 5	0.0
GATCGAACCGAGAG-1	Cluster 14	2.2736297
GATCGATGACTAGC-1	Cluster 1	0.0
GATCGATGGTAAAG-1	Cluster 1	0.0
GATCGATGTAAGGA-1	Cluster 5	1.6081592
GATCGTGACACTAG-1	Cluster 13	2.2906132
GATCGTGATTCACT-1	Cluster 15	1.7639754
GATCTACTGGTGAG-1	Cluster 14	1.8047942
GATCTACTTTGCAG-1	Cluster 1	0.0
GATCTTACACCCAA-1	Cluster 8	0.0
GATCTTACCCTACC-1	Cluster 16	1.5189892
GATCTTACGAATAG-1	Cluster 9	0.0
GATCTTACGAGATA-1	Cluster 5	0.0
GATGCAACTCCAGA-1	Cluster 15	2.569763
GATGCCCTACGTAC-1	Cluster 16	1.5170417
GATGCCCTCTCATT-1	Cluster 13	2.232477
GATGCCCTGGCAAG-1	Cluster 5	0.0
GATGCCCTTTTGCT-1	Cluster 12	2.022524
GATTACCTTGTTCT-1	Cluster 13	2.5757244
GATTCGGAACGACT-1	Cluster 13	3.3202283
GATTCGGACAGGAG-1	Cluster 9	0.0
GATTCGGAGAAGGC-1	Cluster 8	0.0
GATTCTTGATTCGG-1	Cluster 9	0.0
GATTCTTGCCGATA-1	Cluster 13	3.5936599
GATTCTTGCGAGTT-1	Cluster 1	0.0
GATTGGACCCGTTC-1	Cluster 1	0.0
GATTGGACGGTGTT-1	Cluster 1	0.0
GATTGGACTTTCGT-1	Cluster 1	0.0
GATTGGTGTGTCAG-1	Cluster 15	3.119349
GATTTAGACACTCC-1	Cluster 8	0.0
GATTTAGACTAAGC-1	Cluster 1	0.0
GATTTAGATTCGTT-1	Cluster 5	0.0
GATTTGCTAACGAA-1	Cluster 13	1.6689574
GATTTGCTAACGGG-1	Cluster 5	0.0
GCAACCCTCCTCGT-1	Cluster 5	0.0
GCAACTGATTGCGA-1	Cluster 13	1.5184321
GCAAGACTACTGGT-1	Cluster 15	2.9056504
GCAAGACTAGGTCT-1	Cluster 16	3.170552
GCAAGACTCCCTTG-1	Cluster 13	2.7606003
GCAATCGACTGCAA-1	Cluster 14	2.6237786
GCAATCGAGACGTT-1	Cluster 9	0.0
GCAATCGATCCTTA-1	Cluster 9	0.0
GCAATTCTCGTGTA-1	Cluster 16	0.0
GCAATTCTTCTCCG-1	Cluster 16	2.3220751
GCACAAACAATGCC-1	Cluster 14	0.0
GCACAAACGGTACT-1	Cluster 11	2.0881083
GCACAATGGTGCAT-1	Cluster 7	1.5745325
GCACACCTGTGCTA-1	Cluster 3	0.0
GCACCACTCATGAC-1	Cluster 5	0.0
GCACCACTGTTTGG-1	Cluster 5	0.0
GCACCACTTCCTTA-1	Cluster 3	0.0
GCACCACTTTCGGA-1	Cluster 5	0.0
GCACCTACGCGATT-1	Cluster 15	2.541495
GCACCTTGGCTGTA-1	Cluster 6	1.9027799
GCACCTTGGGGAGT-1	Cluster 9	0.0
GCACGGACCAGCTA-1	Cluster 15	2.347344
GCACGGTGACCTCC-1	Cluster 6	2.6576407
GCACGGTGCTATGG-1	Cluster 5	0.0
GCACTAGAACGGGA-1	Cluster 16	0.0
GCACTAGAAGATGA-1	Cluster 1	0.0
GCACTAGACCTTTA-1	Cluster 8	0.0
GCACTAGACGTAAC-1	Cluster 1	0.0
GCACTAGAGTCGTA-1	Cluster 3	0.0
GCACTAGATGCAAC-1	Cluster 15	2.1399558
GCACTGCTGAGGCA-1	Cluster 14	2.5271213
GCAGATACAGCGTT-1	Cluster 14	1.7540283
GCAGATACGACGGA-1	Cluster 13	2.563105
GCAGATACGCAGAG-1	Cluster 16	1.7357
GCAGCCGACAGTCA-1	Cluster 14	0.0
GCAGCGTGCACTCC-1	Cluster 6	2.642966
GCAGCTCTCAATCG-1	Cluster 6	2.464082
GCAGCTCTGTTTCT-1	Cluster 15	2.5532148
GCAGGGCTAAGAAC-1	Cluster 13	0.0
GCAGGGCTAAGGGC-1	Cluster 13	3.06637
GCAGGGCTATCGAC-1	Cluster 3	0.0
GCAGGGCTTGGGAG-1	Cluster 14	0.0
GCAGTCCTAACTGC-1	Cluster 4	3.3835936
GCAGTCCTCTCTTA-1	Cluster 13	1.8653995
GCATCAGATGCGTA-1	Cluster 14	1.7724403
GCATGTGACAAGCT-1	Cluster 13	1.4790289
GCATTGGAGAAGGC-1	Cluster 15	3.0228777
GCCAAAACGAGGCA-1	Cluster 14	3.0040114
GCCAAATGATCGAC-1	Cluster 16	2.0703511
GCCAACCTACGGTT-1	Cluster 13	0.0
GCCAACCTCGCCTT-1	Cluster 16	1.8945744
GCCACGGAGGCGAA-1	Cluster 9	0.0
GCCACGGATACTGG-1	Cluster 13	0.0
GCCACTACGTCTTT-1	Cluster 15	2.7282548
GCCCAACTACCGAT-1	Cluster 13	3.189028
GCCCAACTATGGTC-1	Cluster 10	2.4774687
GCCCATACAGCGTT-1	Cluster 10	2.416743
GCCGACGAACTCTT-1	Cluster 9	0.0
GCCGAGTGCGTTGA-1	Cluster 15	2.3419445
GCCGGAACGAACTC-1	Cluster 10	2.6321208
GCCGGAACGTTCTT-1	Cluster 3	0.0
GCCGGAACTGCACA-1	Cluster 3	2.6079137
GCCGGAACTTACTC-1	Cluster 16	0.0
GCCGTACTACCTGA-1	Cluster 13	2.288222
GCCGTACTGGCAAG-1	Cluster 5	0.0
GCCTACACAGTTCG-1	Cluster 3	0.0
GCCTACACCACTGA-1	Cluster 8	0.0
GCCTACACCTTGAG-1	Cluster 13	2.9311607
GCCTAGCTACGGAG-1	Cluster 1	0.0
GCCTAGCTCTATTC-1	Cluster 13	3.0759149
GCCTAGCTTCTCAT-1	Cluster 13	1.7299498
GCCTAGCTTCTCTA-1	Cluster 8	0.0
GCCTCAACCATGGT-1	Cluster 6	2.5280933
GCCTCAACTCTTTG-1	Cluster 10	1.7931497
GCCTCATGTCTTAC-1	Cluster 14	2.3227665
GCCTGACTCTCAAG-1	Cluster 5	0.0
GCGAAGGAACTCTT-1	Cluster 14	0.0
GCGAAGGATGCCAA-1	Cluster 13	2.208684
GCGAGAGAGGGACA-1	Cluster 15	0.0
GCGAGCACTGTCGA-1	Cluster 1	0.0
GCGAGCACTTGACG-1	Cluster 13	2.2783337
GCGAGCACTTGCTT-1	Cluster 9	0.0
GCGATATGGTACGT-1	Cluster 11	3.011327
GCGATATGGTGTTG-1	Cluster 16	0.0
GCGCACGAAGTCGT-1	Cluster 13	2.655998
GCGCACGACTTTAC-1	Cluster 5	0.0
GCGCATCTAGGTCT-1	Cluster 13	2.1002803
GCGCATCTGGTTAC-1	Cluster 2	0.0
GCGCATCTTCGATG-1	Cluster 13	2.2728481
GCGCATCTTGCTCC-1	Cluster 3	0.0
GCGCATCTTTCTAC-1	Cluster 11	2.5620005
GCGCGAACGTTCTT-1	Cluster 1	0.0
GCGCGATGAACGGG-1	Cluster 6	2.7837923
GCGCGATGGTGCAT-1	Cluster 3	0.0
GCGGAGCTCCTGAA-1	Cluster 13	1.8120441
GCGGCAACCCGATA-1	Cluster 15	2.6135604
GCGGCAACGGAGGT-1	Cluster 1	0.0
GCGGCAACTGTCGA-1	Cluster 5	0.0
GCGTAAACACGGTT-1	Cluster 7	0.9883917
GCGTAATGCACCAA-1	Cluster 8	0.0
GCGTATGAACACCA-1	Cluster 12	1.7387861
GCGTATGATGAGAA-1	Cluster 9	0.0
GCTACAGAAAGGTA-1	Cluster 13	2.5821044
GCTACAGAATCTTC-1	Cluster 1	0.0
GCTACCTGAGAAGT-1	Cluster 5	0.0
GCTACCTGATCACG-1	Cluster 13	2.3248448
GCTACGCTAGAATG-1	Cluster 13	2.403978
GCTACGCTAGCTAC-1	Cluster 12	3.2066689
GCTACGCTCCCTAC-1	Cluster 16	2.7407115
GCTAGAACAGAGGC-1	Cluster 1	0.0
GCTAGAACGGATCT-1	Cluster 16	1.5483502
GCTAGAACTCCCGT-1	Cluster 4	2.3083653
GCTAGATGAGCTCA-1	Cluster 5	0.0
GCTAGATGGCGATT-1	Cluster 10	1.7851237
GCTATACTAAGGCG-1	Cluster 4	2.0117893
GCTATACTAGCGTT-1	Cluster 10	0.0
GCTATACTCTCTTA-1	Cluster 13	2.103432
GCTATACTGGACGA-1	Cluster 12	2.9288113
GCTCAAGAACCATG-1	Cluster 9	0.0
GCTCAAGAAGTCAC-1	Cluster 9	0.0
GCTCAGCTGTCTAG-1	Cluster 6	0.0
GCTCCATGAGAAGT-1	Cluster 10	2.3408122
GCTCCATGCCGAAT-1	Cluster 13	3.2804801
GCTCGACTCTAGTG-1	Cluster 5	0.0
GCTGATGAGGTATC-1	Cluster 5	0.0
GCTTAACTACAGTC-1	Cluster 5	2.4779685
GCTTAACTACTGGT-1	Cluster 10	2.4946332
GCTTAACTGCTGAT-1	Cluster 6	2.1607385
GCTTAACTTAGACC-1	Cluster 5	0.0
GCTTAACTTCAGTG-1	Cluster 15	2.9675066
GGAACACTCACTTT-1	Cluster 5	0.0
GGAACACTTCAGAC-1	Cluster 17	0.0
GGAACTACTACTTC-1	Cluster 12	1.8774934
GGAACTTGAAGGTA-1	Cluster 5	1.3601741
GGAACTTGAGAATG-1	Cluster 13	1.6756306
GGAACTTGCTCCAC-1	Cluster 9	0.0
GGAACTTGGGTAGG-1	Cluster 1	0.0
GGAAGGACATCGGT-1	Cluster 5	0.0
GGAAGGACCACTAG-1	Cluster 12	2.747633
GGAAGGACGAGGGT-1	Cluster 16	2.4347575
GGAAGGACGCGAAG-1	Cluster 14	3.3555903
GGAAGGTGGCGAGA-1	Cluster 3	0.0
GGAATCTGAAGGGC-1	Cluster 12	1.9120598
GGAATCTGAGGAGC-1	Cluster 12	2.7266517
GGAATCTGCTTAGG-1	Cluster 1	0.0
GGAATCTGCTTGTT-1	Cluster 5	0.0
GGAATCTGGGAGGT-1	Cluster 6	2.139625
GGAATGCTTTCTAC-1	Cluster 13	2.9309926
GGACAGGAAAGGGC-1	Cluster 14	0.0
GGACAGGAGTGCTA-1	Cluster 1	0.0
GGACAGGATCTCGC-1	Cluster 16	0.0
GGACCCGAAGCTAC-1	Cluster 9	0.0
GGACCGTGCTTACT-1	Cluster 5	0.0
GGACCGTGGGAACG-1	Cluster 7	0.0
GGACCGTGTAACGC-1	Cluster 16	0.0
GGACCTCTGTAAGA-1	Cluster 5	0.0
GGACCTCTTTTCTG-1	Cluster 10	3.0331652
GGACGAGAGTGTCA-1	Cluster 5	0.0
GGACGCTGACGCAT-1	Cluster 14	2.0222397
GGACGCTGCTAGCA-1	Cluster 16	2.0003738
GGACGCTGTCCTCG-1	Cluster 3	0.0
GGAGAGACGTGAGG-1	Cluster 1	1.5550926
GGAGCAGATTCAGG-1	Cluster 1	0.0
GGAGCCACCTTCTA-1	Cluster 1	0.0
GGAGCGCTACGCAT-1	Cluster 9	0.0
GGAGCGCTCCGAAT-1	Cluster 15	2.326511
GGAGGATGCCACCT-1	Cluster 6	3.2671552
GGAGGATGGTTGAC-1	Cluster 9	1.884089
GGAGGATGTCAGTG-1	Cluster 9	0.0
GGAGGCCTCGTTGA-1	Cluster 3	0.0
GGAGGCCTTTCTTG-1	Cluster 13	1.6395448
GGAGGTGATACGCA-1	Cluster 16	2.261602
GGAGGTGATCGCTC-1	Cluster 4	4.893182
GGATACTGCAGCTA-1	Cluster 6	1.5625012
GGATACTGTCTAGG-1	Cluster 16	2.7557583
GGATAGCTCGTCTC-1	Cluster 16	2.646003
GGATAGCTCTGAAC-1	Cluster 10	2.3741465
GGATGTACCAAAGA-1	Cluster 1	0.0
GGATGTACGCGAAG-1	Cluster 6	1.9837003
GGATGTACGTCTTT-1	Cluster 5	0.0
GGATGTACGTGTCA-1	Cluster 10	2.960883
GGATTTCTAGGTTC-1	Cluster 12	0.0
GGATTTCTTTGTCT-1	Cluster 9	0.0
GGCAAGGAAAAAGC-1	Cluster 3	0.0
GGCAAGGAAGAAGT-1	Cluster 13	2.125532
GGCAAGGACTTGGA-1	Cluster 9	0.0
GGCAAGGAGGACTT-1	Cluster 16	2.0637205
GGCAATACGCTAAC-1	Cluster 1	0.0
GGCAATACGGCATT-1	Cluster 10	2.9462407
GGCAATACGTTTCT-1	Cluster 1	0.0
GGCACGTGGCTTAG-1	Cluster 8	0.0
GGCACTCTTTTGTC-1	Cluster 15	2.5484931
GGCATATGCTTATC-1	Cluster 3	1.8172061
GGCATATGGGGAGT-1	Cluster 17	0.0
GGCATATGTGTGAC-1	Cluster 12	2.510419
GGCCACGACAGAGG-1	Cluster 6	2.5033476
GGCCAGACTGGTTG-1	Cluster 16	0.0
GGCCCAGAAAGTAG-1	Cluster 5	0.0
GGCCGAACAACGAA-1	Cluster 11	2.6206217
GGCCGAACGCAGAG-1	Cluster 13	2.5608974
GGCCGAACGTAGGG-1	Cluster 6	3.5312748
GGCCGAACTCTAGG-1	Cluster 3	0.0
GGCCGATGCAGGAG-1	Cluster 16	2.07308
GGCCGATGCCGAAT-1	Cluster 4	2.5231566
GGCCGATGTACTCT-1	Cluster 14	2.7934585
GGCGACACTGCCCT-1	Cluster 14	0.0
GGCGACTGCGTAAC-1	Cluster 6	3.2097056
GGCGCATGCCTAAG-1	Cluster 8	0.0
GGCGCATGCTCCAC-1	Cluster 6	1.5983311
GGCGCATGTGGAAA-1	Cluster 16	2.2328484
GGCGGACTAGAGGC-1	Cluster 15	2.5147595
GGCGGACTAGGAGC-1	Cluster 14	2.409337
GGCGGACTCTGACA-1	Cluster 13	2.7376652
GGCGGACTCTTGGA-1	Cluster 14	3.0765066
GGCGGACTTACTGG-1	Cluster 13	2.2321055
GGCGGACTTGAACC-1	Cluster 16	2.9926975
GGCTAAACACCTGA-1	Cluster 3	0.0
GGCTAAACTCTTAC-1	Cluster 11	0.0
GGCTAATGAGCACT-1	Cluster 14	2.9539628
GGCTAATGGTCTAG-1	Cluster 13	1.6927841
GGCTCACTACTCAG-1	Cluster 5	0.0
GGGAACGAAGCTCA-1	Cluster 8	1.1980785
GGGAACGACACAAC-1	Cluster 1	0.0
GGGAACGAGTGTCA-1	Cluster 9	0.0
GGGAAGTGTTGAGC-1	Cluster 5	0.0
GGGACCACACGTTG-1	Cluster 10	3.6525733
GGGACCACAGAACA-1	Cluster 6	0.0
GGGACCACGAATAG-1	Cluster 15	1.6472869
GGGACCACGTCATG-1	Cluster 6	2.5416389
GGGACCACTCAAGC-1	Cluster 13	2.3416612
GGGACCACTCGTGA-1	Cluster 13	2.915586
GGGACCACTGCATG-1	Cluster 13	0.0
GGGACCTGACCCTC-1	Cluster 5	1.4461547
GGGACCTGCTTGCC-1	Cluster 13	0.0
GGGACCTGTGGAGG-1	Cluster 1	0.0
GGGATGGACGACAT-1	Cluster 1	0.0
GGGATGGATACTTC-1	Cluster 16	2.2826698
GGGATGGATGGTTG-1	Cluster 5	0.0
GGGATTACGTCTAG-1	Cluster 16	2.0365922
GGGCAAGATGCATG-1	Cluster 5	0.0
GGGCACACGGTGAG-1	Cluster 8	1.7399468
GGGCACACGTTGCA-1	Cluster 14	2.3794644
GGGCAGCTTGGGAG-1	Cluster 14	2.2930114
GGGCAGCTTTTCTG-1	Cluster 13	1.6651236
GGGCCAACCTTGGA-1	Cluster 7	0.0
GGGCCAACGCGTTA-1	Cluster 1	0.0
GGGCCAACTACGCA-1	Cluster 9	0.0
GGGCCAACTCCAAG-1	Cluster 1	0.0
GGGCCATGATGGTC-1	Cluster 14	2.5701342
GGGCCATGTTGACG-1	Cluster 12	3.1400201
GGGTAACTCAGCTA-1	Cluster 6	2.5385902
GGGTAACTCTAGTG-1	Cluster 1	0.0
GGGTAACTCTGGAT-1	Cluster 16	3.7392817
GGGTTAACGTGCAT-1	Cluster 3	0.0
GGTAAAGAGCTAAC-1	Cluster 10	4.0388684
GGTACAACTGCAAC-1	Cluster 16	2.7766998
GGTACATGAAAGCA-1	Cluster 1	0.0
GGTACATGAGCTCA-1	Cluster 11	2.8966587
GGTACATGCGGTAT-1	Cluster 6	3.4056304
GGTACATGGTTACG-1	Cluster 6	2.806026
GGTACATGTGGGAG-1	Cluster 16	2.7447896
GGTACTGAACTCTT-1	Cluster 5	0.0
GGTAGTACACCACA-1	Cluster 14	2.2755864
GGTAGTACACTAGC-1	Cluster 9	0.0
GGTAGTACCCTGTC-1	Cluster 6	1.7548189
GGTAGTACGCCATA-1	Cluster 5	0.0
GGTAGTACTGTCTT-1	Cluster 14	3.1282532
GGTATCGAGACAAA-1	Cluster 5	0.0
GGTATCGATGAACC-1	Cluster 1	0.0
GGTCAAACCAAAGA-1	Cluster 15	2.236574
GGTCTAGAGAAACA-1	Cluster 5	0.0
GGTCTAGATAGCGT-1	Cluster 9	0.0
GGTGATACCGACTA-1	Cluster 1	0.0
GGTGATACGACTAC-1	Cluster 5	0.0
GGTGATACTGTTTC-1	Cluster 13	3.3941991
GGTGGAGAAACGGG-1	Cluster 3	0.0
GGTGGAGAAGTAGA-1	Cluster 15	3.764674
GGTGGAGACAGATC-1	Cluster 3	0.0
GGTGGAGATCGATG-1	Cluster 15	0.0
GGTGGAGATCTCTA-1	Cluster 5	0.0
GGTGGAGATTACTC-1	Cluster 10	3.236711
GGTTTACTACGCAT-1	Cluster 14	2.8931623
GTAACGTGACCTCC-1	Cluster 5	0.0
GTAACGTGATCGGT-1	Cluster 1	0.0
GTAACGTGCAGCTA-1	Cluster 1	0.0
GTAACGTGGTTGAC-1	Cluster 1	0.0
GTAAGCACAACGGG-1	Cluster 6	2.7586372
GTAAGCACTCATTC-1	Cluster 1	0.0
GTAAGCTGGTACCA-1	Cluster 5	2.0664263
GTAATAACCTTCTA-1	Cluster 5	0.0
GTAATAACGTTGTG-1	Cluster 6	2.9900029
GTACCCTGACAGTC-1	Cluster 8	0.0
GTACCCTGGAGCTT-1	Cluster 16	2.252411
GTACCCTGTCCTTA-1	Cluster 10	1.9644806
GTACCCTGTGAACC-1	Cluster 13	1.6059272
GTACGTGAACGTTG-1	Cluster 10	3.5679305
GTACTTTGTCGACA-1	Cluster 14	2.595008
GTAGACTGAGATGA-1	Cluster 9	0.0
GTAGACTGTATTCC-1	Cluster 6	2.3942668
GTAGCAACAGTCGT-1	Cluster 5	0.0
GTAGCAACCATTTC-1	Cluster 1	0.0
GTAGCAACGGTAGG-1	Cluster 5	0.0
GTAGCATGCACTCC-1	Cluster 1	0.0
GTAGCATGTAAGCC-1	Cluster 5	0.0
GTAGCCCTGACGTT-1	Cluster 13	3.0626059
GTAGCTGAAGCTAC-1	Cluster 8	0.0
GTAGCTGAATTCGG-1	Cluster 16	0.0
GTAGGTACACGGGA-1	Cluster 5	0.0
GTAGTGACCTCATT-1	Cluster 6	3.7831738
GTAGTGTGAGCGGA-1	Cluster 3	0.0
GTAGTGTGAGGCGA-1	Cluster 5	0.0
GTAGTGTGTGGTTG-1	Cluster 6	2.787241
GTATCACTGGTAGG-1	Cluster 5	0.0
GTATCTACAGAAGT-1	Cluster 10	3.1303434
GTATCTACGACGAG-1	Cluster 10	2.4260936
GTATCTACGTTACG-1	Cluster 16	0.0
GTATTAGAAACAGA-1	Cluster 12	3.1748252
GTATTAGAGGTCTA-1	Cluster 4	2.7202685
GTATTCACACAGCT-1	Cluster 13	3.1419253
GTATTCACGGGTGA-1	Cluster 14	0.0
GTCAACGACACTGA-1	Cluster 12	2.486765
GTCAACGAGTGTAC-1	Cluster 9	0.0
GTCAATCTACACCA-1	Cluster 14	3.1353796
GTCAATCTGTAGCT-1	Cluster 14	2.7718391
GTCAATCTTGTGGT-1	Cluster 6	2.658052
GTCACCTGCCTCCA-1	Cluster 6	1.7407218
GTCACCTGTCCCGT-1	Cluster 13	4.8656507
GTCATACTAATCGC-1	Cluster 1	0.0
GTCATACTGCGATT-1	Cluster 10	3.7419581
GTCATACTTCGCCT-1	Cluster 17	0.0
GTCATACTTTACCT-1	Cluster 10	2.4635901
GTCATACTTTGACG-1	Cluster 6	1.537362
GTCCAAGAAAAACG-1	Cluster 13	2.658052
GTCCACTGACCTCC-1	Cluster 6	1.9462531
GTCCACTGGGTACT-1	Cluster 9	0.0
GTCCAGCTACGGGA-1	Cluster 6	2.7841485
GTCCCATGTGGTGT-1	Cluster 9	0.0
GTCGAATGAAGGCG-1	Cluster 9	0.0
GTCGACCTGAATGA-1	Cluster 3	0.0
GTCGACCTGTTCAG-1	Cluster 14	2.8530085
GTCGCACTTGAGAA-1	Cluster 1	0.0
GTCTAACTGGTCTA-1	Cluster 8	0.0
GTCTAGGAGCTTCC-1	Cluster 5	0.0
GTGAACACACTCTT-1	Cluster 13	0.0
GTGAACACTCAGGT-1	Cluster 16	3.2234952
GTGACCCTTAAGCC-1	Cluster 14	3.3094952
GTGATGACAAGTGA-1	Cluster 15	1.9900804
GTGATGACCTGAGT-1	Cluster 1	0.0
GTGATGACGGTTTG-1	Cluster 14	0.0
GTGATTCTCATTTC-1	Cluster 15	0.0
GTGATTCTCTCTCG-1	Cluster 5	0.0
GTGATTCTGGTTCA-1	Cluster 3	0.0
GTGATTCTGTCGAT-1	Cluster 6	2.7768176
GTGATTCTTAGCGT-1	Cluster 1	0.0
GTGCCACTCAGGAG-1	Cluster 6	3.0949404
GTGGATTGCACTAG-1	Cluster 8	0.0
GTGGATTGCGGAGA-1	Cluster 16	2.1053293
GTGGATTGTAACGC-1	Cluster 13	1.5296664
GTGTACGATCAGTG-1	Cluster 13	2.4074957
GTGTAGTGGGTACT-1	Cluster 16	1.5699949
GTGTATCTAGCCTA-1	Cluster 1	0.0
GTGTATCTAGTAGA-1	Cluster 3	1.7048299
GTGTATCTGTTACG-1	Cluster 1	1.7426629
GTGTCAGAAGCGTT-1	Cluster 10	3.0182397
GTTAAAACCGAGAG-1	Cluster 3	0.0
GTTAAATGCTCGAA-1	Cluster 14	3.1626427
GTTAAATGTCGACA-1	Cluster 1	0.0
GTTAACCTAGCTAC-1	Cluster 16	2.2152026
GTTAACCTTGCTTT-1	Cluster 7	0.0
GTTAGGTGCACTCC-1	Cluster 16	2.1028006
GTTAGGTGCCAGTA-1	Cluster 5	0.0
GTTAGGTGCCCAAA-1	Cluster 8	0.0
GTTAGGTGGAACTC-1	Cluster 1	0.0
GTTAGTCTAAGAAC-1	Cluster 14	0.0
GTTATAGAGGACAG-1	Cluster 14	1.7700114
GTTATGCTTTCATC-1	Cluster 6	1.6318907
GTTCAACTGGGACA-1	Cluster 3	0.0
GTTCAACTTATGCG-1	Cluster 6	2.5088615
GTTGACGAGCCCTT-1	Cluster 10	2.8212473
GTTGACGATATCGG-1	Cluster 3	1.689535
GTTGAGTGGTCTTT-1	Cluster 5	0.0
GTTGAGTGTGCTTT-1	Cluster 16	2.8109076
GTTGATCTGGGACA-1	Cluster 6	0.0
GTTGATCTTTTCAC-1	Cluster 10	2.8480182
GTTGGATGTTTACC-1	Cluster 8	0.0
GTTGTACTATTCCT-1	Cluster 5	0.0
GTTGTACTTTTGGG-1	Cluster 13	1.640885
GTTTAAGACCATGA-1	Cluster 5	0.0
GTTTAAGACTGTCC-1	Cluster 10	3.2677622
TAAACAACCAACCA-1	Cluster 16	2.539934
TAAACAACGAATCC-1	Cluster 1	0.0
TAAAGACTCAGGAG-1	Cluster 14	1.6506809
TAAATCGATGAGGG-1	Cluster 16	2.3816903
TAACAATGTGCCCT-1	Cluster 1	0.0
TAACACCTTCGCTC-1	Cluster 9	0.0
TAACACCTTCGTAG-1	Cluster 5	0.0
TAACACCTTGTTTC-1	Cluster 17	0.0
TAACATGACACTAG-1	Cluster 1	2.5493991
TAACCGGACTTACT-1	Cluster 6	2.3938143
TAACGTCTCAACCA-1	Cluster 5	1.821102
TAACGTCTCATTGG-1	Cluster 13	2.5405617
TAACTAGAATTTCC-1	Cluster 16	2.1838264
TAACTAGACTTAGG-1	Cluster 16	2.4221847
TAACTAGATCTGGA-1	Cluster 13	2.2531729
TAACTCACGAGGAC-1	Cluster 5	0.0
TAACTCACGTACAC-1	Cluster 1	0.0
TAACTCACGTATCG-1	Cluster 5	1.2883343
TAACTCACTCTACT-1	Cluster 3	1.7029912
TAAGAACTGTGTCA-1	Cluster 5	1.9140283
TAAGAGGACTAAGC-1	Cluster 1	0.0
TAAGAGGACTTGTT-1	Cluster 3	0.0
TAAGATACGGTTCA-1	Cluster 9	0.0
TAAGATTGCGTAGT-1	Cluster 13	2.46441
TAAGATTGTTGCTT-1	Cluster 12	3.128671
TAAGCGTGAGGTTC-1	Cluster 5	0.0
TAAGCGTGGACAAA-1	Cluster 9	0.0
TAAGCGTGGGAAAT-1	Cluster 11	2.8996277
TAAGCGTGTGCTCC-1	Cluster 8	0.0
TAAGGCTGCCATGA-1	Cluster 14	2.248233
TAAGGCTGCTGCTC-1	Cluster 13	1.7330106
TAAGGCTGTCTCGC-1	Cluster 5	0.0
TAAGGGCTGCTGTA-1	Cluster 14	1.8562305
TAAGGGCTTTACTC-1	Cluster 16	2.3083653
TAAGTAACCGAGAG-1	Cluster 1	0.0
TAAGTAACCTCCAC-1	Cluster 1	0.0
TAAGTAACCTGTAG-1	Cluster 16	3.0729904
TAAGTAACTTGTCT-1	Cluster 14	2.7211523
TAATGATGAGCGGA-1	Cluster 6	2.4713273
TAATGCCTCATGAC-1	Cluster 6	2.3560138
TAATGCCTCGTCTC-1	Cluster 3	0.0
TAATGTGAAGATGA-1	Cluster 6	3.1709893
TAATGTGACTGCAA-1	Cluster 9	0.0
TAATGTGATTACTC-1	Cluster 14	1.6675608
TACAAATGGGTACT-1	Cluster 16	1.5945654
TACAATGAAAACAG-1	Cluster 5	0.0
TACAATGACTTAGG-1	Cluster 15	3.0696275
TACAATGATGCTAG-1	Cluster 14	2.577596
TACACACTCACACA-1	Cluster 16	2.0006502
TACACACTCTTACT-1	Cluster 14	3.221953
TACATAGAACGCAT-1	Cluster 14	2.6738229
TACATCACACGGGA-1	Cluster 4	0.0
TACATCACCTGTTT-1	Cluster 8	0.0
TACATCACGCTAAC-1	Cluster 1	0.0
TACATCACTGAACC-1	Cluster 8	0.0
TACCATTGAGGTTC-1	Cluster 6	0.0
TACCATTGCGGGAA-1	Cluster 9	0.0
TACCATTGGGGATG-1	Cluster 5	0.0
TACCATTGTGAGGG-1	Cluster 5	1.6595854
TACCGGCTGTTGGT-1	Cluster 13	2.0943267
TACGAGTGATCTCT-1	Cluster 13	1.5506874
TACGAGTGATGCTG-1	Cluster 9	0.0
TACGAGTGCGGAGA-1	Cluster 4	2.9263844
TACGAGTGGTTGGT-1	Cluster 6	2.6742418
TACGATCTAGTGTC-1	Cluster 4	2.083477
TACGATCTCACTGA-1	Cluster 9	0.0
TACGATCTTACGAC-1	Cluster 10	1.9360327
TACGCAGAGAATCC-1	Cluster 3	0.0
TACGCCACATTCCT-1	Cluster 12	2.4130318
TACGCCACTCCCAC-1	Cluster 8	0.0
TACGCCACTCCGAA-1	Cluster 1	0.0
TACGGAACGCGTTA-1	Cluster 1	0.0
TACGGCCTGGGACA-1	Cluster 3	0.0
TACGTACTACGGAG-1	Cluster 14	2.5144114
TACGTACTCAGTTG-1	Cluster 16	2.4000192
TACGTACTCCCGTT-1	Cluster 1	0.0
TACGTTACAGAAGT-1	Cluster 15	2.6601107
TACGTTACCAAGCT-1	Cluster 5	0.0
TACTAAGAAAGGTA-1	Cluster 1	0.0
TACTAAGAATCACG-1	Cluster 13	3.242996
TACTAAGATGATGC-1	Cluster 5	0.0
TACTAAGATTGCGA-1	Cluster 16	2.1792939
TACTACACGAGAGC-1	Cluster 15	1.4086024
TACTACACTTACCT-1	Cluster 1	0.0
TACTACTGAACCTG-1	Cluster 5	0.0
TACTACTGATGTCG-1	Cluster 10	3.575773
TACTACTGATTCTC-1	Cluster 6	2.2399416
TACTACTGTATGGC-1	Cluster 13	1.5079391
TACTCAACGGTCTA-1	Cluster 5	0.0
TACTCAACTGCTAG-1	Cluster 1	0.0
TACTCCCTCAGTTG-1	Cluster 15	3.0096452
TACTCTGAATCGAC-1	Cluster 3	0.0
TACTCTGACGAGTT-1	Cluster 16	2.5561333
TACTCTGATTGACG-1	Cluster 1	0.0
TACTGGGATCGATG-1	Cluster 16	2.6446655
TACTGTTGAAAGCA-1	Cluster 6	3.2624335
TACTGTTGAGGCGA-1	Cluster 3	0.0
TACTGTTGCTGAAC-1	Cluster 2	0.0
TACTTGACTCCTCG-1	Cluster 14	2.5439775
TACTTGACTGGTGT-1	Cluster 1	0.0
TACTTTCTTTTGGG-1	Cluster 14	3.656153
TAGAAACTAATCGC-1	Cluster 4	1.7100043
TAGAAACTGCTTCC-1	Cluster 5	0.0
TAGAAACTGGGATG-1	Cluster 10	2.7464945
TAGAATTGCGACAT-1	Cluster 6	2.524212
TAGAATTGTATCGG-1	Cluster 6	2.5963473
TAGACGTGCTTGAG-1	Cluster 15	2.4042833
TAGACGTGTCGCTC-1	Cluster 6	2.531282
TAGAGCACCTTACT-1	Cluster 1	0.0
TAGATTGACTTGTT-1	Cluster 1	0.0
TAGATTGAGGCATT-1	Cluster 10	0.0
TAGCATCTCAGCTA-1	Cluster 3	0.0
TAGCATCTCCCTCA-1	Cluster 6	2.2810903
TAGCATCTGCTGTA-1	Cluster 8	0.0
TAGCATCTGGGACA-1	Cluster 13	1.7635748
TAGCATCTTGTCGA-1	Cluster 13	1.9027799
TAGCCCACAAAAGC-1	Cluster 16	2.349628
TAGCCCACAGCCAT-1	Cluster 14	2.9280574
TAGCCCACAGCTAC-1	Cluster 3	0.0
TAGCCCACCCACAA-1	Cluster 13	2.4042833
TAGCCCTGCGGAGA-1	Cluster 14	2.7522013
TAGCCGCTTACGAC-1	Cluster 6	2.9382455
TAGCCGCTTACTTC-1	Cluster 14	2.9114668
TAGCCGCTTTCCAT-1	Cluster 9	0.0
TAGCTACTGAATAG-1	Cluster 1	0.0
TAGCTACTGTAGCT-1	Cluster 6	2.898817
TAGCTACTTTTGCT-1	Cluster 14	3.3604977
TAGGACTGTGCTGA-1	Cluster 14	1.9244493
TAGGAGCTAAGGCG-1	Cluster 1	0.0
TAGGAGCTGAGGGT-1	Cluster 16	2.1638012
TAGGAGCTTGCATG-1	Cluster 1	0.0
TAGGCAACCGTCTC-1	Cluster 1	0.0
TAGGCATGCTCTCG-1	Cluster 1	0.0
TAGGCATGGCGAGA-1	Cluster 10	1.6412205
TAGGCTGATGCCTC-1	Cluster 5	0.0
TAGGGACTGAACTC-1	Cluster 3	0.0
TAGGTCGACACTGA-1	Cluster 13	2.2083235
TAGGTCGAGGATCT-1	Cluster 1	0.0
TAGGTGACACACTG-1	Cluster 16	2.7768176
TAGGTGACACGTTG-1	Cluster 1	0.0
TAGGTGTGTTCTGT-1	Cluster 11	0.0
TAGGTTCTGAAGGC-1	Cluster 12	3.0339718
TAGGTTCTTCTTAC-1	Cluster 8	0.0
TAGGTTCTTGCTGA-1	Cluster 5	1.288144
TAGTAAACCTCGCT-1	Cluster 13	2.7332835
TAGTAAACGTCACA-1	Cluster 14	0.0
TAGTAATGAGATCC-1	Cluster 6	0.0
TAGTACCTAAGAAC-1	Cluster 5	0.0
TAGTATGATCTTAC-1	Cluster 1	0.0
TAGTATGATTCTCA-1	Cluster 16	1.3807698
TAGTCTTGGCTGTA-1	Cluster 6	0.0
TAGTCTTGGGACTT-1	Cluster 16	2.449453
TAGTCTTGTGGAAA-1	Cluster 14	1.7103754
TAGTGGTGAAGTGA-1	Cluster 3	0.0
TAGTTAGAACCACA-1	Cluster 3	0.0
TAGTTAGATGAACC-1	Cluster 6	1.7066735
TATAAGACAACAGA-1	Cluster 14	3.731297
TATAAGACAGCTCA-1	Cluster 8	0.0
TATAAGTGACACCA-1	Cluster 8	0.0
TATAAGTGTATCGG-1	Cluster 5	0.0
TATAAGTGTGGTGT-1	Cluster 8	0.0
TATACAGAACCCTC-1	Cluster 14	0.0
TATACAGAAGAACA-1	Cluster 13	2.5675378
TATACAGATCCAGA-1	Cluster 15	2.6630013
TATACCACCTGATG-1	Cluster 1	0.0
TATACGCTACCAAC-1	Cluster 12	2.7075527
TATAGATGGACGGA-1	Cluster 6	2.7322755
TATAGATGTTCCGC-1	Cluster 9	0.0
TATCCAACCAGCTA-1	Cluster 5	0.0
TATCCAACTCTCTA-1	Cluster 14	3.2711692
TATCGACTACTAGC-1	Cluster 3	0.0
TATCGACTCGATAC-1	Cluster 8	1.4287779
TATCGTACAGATGA-1	Cluster 14	2.6898847
TATCGTACATTCCT-1	Cluster 9	0.0
TATCTCGAGAGATA-1	Cluster 6	0.0
TATCTGACAGGTTC-1	Cluster 10	3.6395912
TATCTGACTGTTTC-1	Cluster 14	2.1416118
TATCTTCTAAACAG-1	Cluster 13	2.3825824
TATGAATGGAGGAC-1	Cluster 10	2.3830287
TATGAATGTTTGCT-1	Cluster 8	0.0
TATGCGGATAACCG-1	Cluster 16	3.6221147
TATGGGTGCATCAG-1	Cluster 3	0.0
TATGGGTGCTAGCA-1	Cluster 1	0.0
TATGGTCTCTACCC-1	Cluster 16	1.8355696
TATGTCACGGAACG-1	Cluster 1	0.0
TATGTCACTAACCG-1	Cluster 9	0.0
TATGTCACTTCTCA-1	Cluster 1	0.0
TATGTGCTCCGATA-1	Cluster 5	0.0
TATGTGCTGGATTC-1	Cluster 6	2.6519043
TATTGCTGAAGAAC-1	Cluster 5	0.0
TATTGCTGCCGTTC-1	Cluster 1	0.0
TATTGCTGTCTGGA-1	Cluster 13	3.001283
TATTGCTGTGCACA-1	Cluster 10	0.0
TATTTCCTATTGGC-1	Cluster 5	0.0
TATTTCCTGGAGGT-1	Cluster 10	0.0
TATTTCCTGGTGTT-1	Cluster 4	0.0
TCAACACTGTTTGG-1	Cluster 3	0.0
TCAAGGACAGCGTT-1	Cluster 13	2.526327
TCAAGGACATTCTC-1	Cluster 10	2.8576398
TCAAGGACGGTGTT-1	Cluster 5	0.0
TCAATCACACTCTT-1	Cluster 10	0.0
TCAATCACAGTCGT-1	Cluster 8	0.0
TCACAACTATGTGC-1	Cluster 15	2.85147
TCACAACTTTGCTT-1	Cluster 5	2.1624384
TCACATACACTTTC-1	Cluster 14	2.169275
TCACATACAGGGTG-1	Cluster 13	3.2556958
TCACCCGAGACGGA-1	Cluster 9	0.0
TCACCGTGCTCGCT-1	Cluster 8	0.0
TCACCTCTACGACT-1	Cluster 14	2.340388
TCACCTCTTCCAAG-1	Cluster 8	0.0
TCACGAGAGGAGGT-1	Cluster 1	0.0
TCACTATGGGGCAA-1	Cluster 14	2.0779555
TCACTATGGTTGTG-1	Cluster 1	0.0
TCAGACGACGCTAA-1	Cluster 16	3.120354
TCAGACGACGTTAG-1	Cluster 3	0.0
TCAGAGACTCCAGA-1	Cluster 13	2.3566623
TCAGCAGACTCCAC-1	Cluster 6	1.5660875
TCAGCGCTCTAGTG-1	Cluster 14	1.8893131
TCAGCGCTGGATCT-1	Cluster 1	0.0
TCAGCGCTGGTATC-1	Cluster 14	3.27304
TCAGGATGAAGTAG-1	Cluster 6	3.2443767
TCAGGATGCCTTTA-1	Cluster 8	0.0
TCAGTGGAAGATCC-1	Cluster 14	2.9323936
TCAGTTACCTACGA-1	Cluster 5	0.0
TCAGTTACTAGAAG-1	Cluster 15	0.0
TCATCAACCCGATA-1	Cluster 6	2.626154
TCATCAACTGTTCT-1	Cluster 9	0.0
TCATCATGCAGTTG-1	Cluster 15	3.6118913
TCATCCCTTACTGG-1	Cluster 16	3.3751495
TCATTCGATACAGC-1	Cluster 8	0.0
TCCACGTGGAAACA-1	Cluster 13	1.4168293
TCCACTCTACACTG-1	Cluster 6	2.7499142
TCCACTCTGAGCTT-1	Cluster 9	0.0
TCCACTCTTACTTC-1	Cluster 1	0.0
TCCATAACAAAGTG-1	Cluster 13	2.6725674
TCCATAACCGTAGT-1	Cluster 1	0.0
TCCATAACGATGAA-1	Cluster 16	2.5448787
TCCATAACTACGCA-1	Cluster 13	0.0
TCCATCCTCCCTAC-1	Cluster 10	3.2533014
TCCCACGATCATTC-1	Cluster 16	1.5672873
TCCCATCTCAAAGA-1	Cluster 5	1.4130546
TCCCGAACACAGTC-1	Cluster 3	0.0
TCCCGAACTTCGCC-1	Cluster 8	0.0
TCCCGATGAGATCC-1	Cluster 16	2.885944
TCCCGATGCCTGAA-1	Cluster 5	0.0
TCCCTACTCAACTG-1	Cluster 1	0.0
TCCGAAGACAATCG-1	Cluster 5	0.0
TCCGAAGACGTTAG-1	Cluster 13	2.0767338
TCCGGACTGAGGTG-1	Cluster 15	2.6077197
TCCGGACTGTACGT-1	Cluster 14	1.8163432
TCCTAAACATCGAC-1	Cluster 6	0.0
TCCTAAACCGAGAG-1	Cluster 15	2.7760644
TCCTAAACCGCATA-1	Cluster 3	0.0
TCCTAATGGTTTGG-1	Cluster 10	3.6530964
TCCTACCTGTCGTA-1	Cluster 15	1.6068828
TCCTATGAAAAGCA-1	Cluster 10	3.2917533
TCGAATCTCTGGTA-1	Cluster 10	2.1590421
TCGACCTGCCGATA-1	Cluster 8	1.7231116
TCGACGCTTCTATC-1	Cluster 5	0.0
TCGACGCTTTGACG-1	Cluster 12	3.492747
TCGAGAACGACAGG-1	Cluster 16	0.0
TCGAGAACGTTAGC-1	Cluster 12	2.5510323
TCGAGCCTATCAGC-1	Cluster 1	0.0
TCGAGCCTGCGAGA-1	Cluster 14	2.3290167
TCGAGCCTTGTGAC-1	Cluster 14	2.1597202
TCGATACTATTCCT-1	Cluster 14	1.613933
TCGATACTTGCACA-1	Cluster 15	1.8686359
TCGATTTGATGCCA-1	Cluster 5	0.0
TCGATTTGCACTCC-1	Cluster 13	3.0422397
TCGATTTGCAGCTA-1	Cluster 3	0.0
TCGATTTGCCTACC-1	Cluster 5	0.0
TCGATTTGTCGTGA-1	Cluster 1	0.0
TCGCAGCTAGATCC-1	Cluster 14	1.7520556
TCGCCATGAGACTC-1	Cluster 13	0.0
TCGCCATGTGGTCA-1	Cluster 1	0.0
TCGGACCTAACAGA-1	Cluster 13	2.4256234
TCGGACCTATAAGG-1	Cluster 1	0.0
TCGGACCTGTACAC-1	Cluster 16	2.2954166
TCGGTAGAGTAGGG-1	Cluster 13	3.3849702
TCGGTAGATCCCAC-1	Cluster 1	0.0
TCGTAGGATCGACA-1	Cluster 16	1.4911815
TCGTTATGGACAAA-1	Cluster 16	2.6997519
TCTAACACCAGTTG-1	Cluster 3	0.0
TCTAACACGAGCAG-1	Cluster 7	0.0
TCTAACTGAACCAC-1	Cluster 16	2.2705085
TCTAAGCTAATGCC-1	Cluster 15	2.1919088
TCTAAGCTTAGTCG-1	Cluster 10	2.498723
TCTAAGCTTCTAGG-1	Cluster 8	0.0
TCTAAGCTTGTTCT-1	Cluster 5	0.0
TCTAAGCTTTCGCC-1	Cluster 1	0.0
TCTACAACGACTAC-1	Cluster 9	0.0
TCTAGACTTAGAAG-1	Cluster 5	0.0
TCTAGTTGCACCAA-1	Cluster 9	0.0
TCTATGTGAAGAGT-1	Cluster 9	0.0
TCTATGTGAGTCTG-1	Cluster 14	2.443672
TCTCAAACCTAAGC-1	Cluster 1	0.0
TCTCTAGAATTTCC-1	Cluster 16	1.5416771
TCTGATACACGTGT-1	Cluster 13	2.9432557
TCTGATACTCGCCT-1	Cluster 13	1.6253048
TCTTACGAACCTGA-1	Cluster 5	0.0
TCTTCAGAGCTACA-1	Cluster 9	0.0
TCTTGATGCGGAGA-1	Cluster 10	3.1353796
TGAAATTGGTGAGG-1	Cluster 5	0.0
TGAACCGAAAACGA-1	Cluster 6	1.7185899
TGAACCGACTACTT-1	Cluster 8	0.0
TGAACCGATTCGGA-1	Cluster 8	0.0
TGAAGCACTCACGA-1	Cluster 14	2.436501
TGAAGCTGAACGAA-1	Cluster 6	2.1922622
TGAAGCTGCATGGT-1	Cluster 1	0.0
TGAAGCTGCGTAAC-1	Cluster 13	1.7212241
TGAATAACCACTTT-1	Cluster 6	2.5319922
TGAATAACTCCCAC-1	Cluster 10	0.0
TGACACGACCTTAT-1	Cluster 1	0.0
TGACCAGACAACCA-1	Cluster 15	3.1451097
TGACCAGAGGATTC-1	Cluster 13	2.8094404
TGACCGCTAAAAGC-1	Cluster 16	3.0378802
TGACCGCTCTGCAA-1	Cluster 13	2.8079755
TGACGATGCAAAGA-1	Cluster 5	0.0
TGACGCCTGTACCA-1	Cluster 12	2.678863
TGACGCCTTTACTC-1	Cluster 12	2.524212
TGACTGGAAGAGAT-1	Cluster 5	0.0
TGACTGGACCGTAA-1	Cluster 15	2.040368
TGACTGGACGCAAT-1	Cluster 13	3.5601525
TGACTGGAGGACAG-1	Cluster 1	0.0
TGACTGGATTCTCA-1	Cluster 16	2.5852745
TGACTTACACACCA-1	Cluster 15	1.948314
TGACTTACAGTCTG-1	Cluster 5	0.0
TGACTTTGCGCATA-1	Cluster 13	2.2531729
TGACTTTGTTTGTC-1	Cluster 16	1.6805896
TGAGACACAAGGTA-1	Cluster 15	1.5877167
TGAGACACTCAAGC-1	Cluster 14	0.0
TGAGCTGAATGCTG-1	Cluster 8	0.0
TGAGCTGACTGGAT-1	Cluster 5	0.0
TGAGCTGATGCTAG-1	Cluster 5	0.0
TGAGGACTCTCATT-1	Cluster 5	0.0
TGAGGACTTCATTC-1	Cluster 16	2.3713534
TGAGGTACGAACCT-1	Cluster 8	0.0
TGAGTCGAGTTACG-1	Cluster 1	0.0
TGAGTGACTGAGCT-1	Cluster 13	2.2126613
TGATAAACGAATCC-1	Cluster 11	2.1904974
TGATAAACTCCGTC-1	Cluster 3	0.0
TGATAAACTTTCAC-1	Cluster 6	2.4341245
TGATACCTCACTAG-1	Cluster 5	0.0
TGATACCTGTTGGT-1	Cluster 16	2.6767595
TGATACCTTATGCG-1	Cluster 13	2.285838
TGATACCTTGAAGA-1	Cluster 6	2.0188348
TGATATGAACCTTT-1	Cluster 13	2.8849857
TGATCACTAGCATC-1	Cluster 14	0.0
TGATCACTCTCGCT-1	Cluster 6	2.849423
TGATCACTTCTACT-1	Cluster 1	0.0
TGATCGGACTGACA-1	Cluster 8	0.0
TGATCGGAGGAGCA-1	Cluster 1	0.0
TGATCGGATATGCG-1	Cluster 8	0.0
TGATTAGACATTGG-1	Cluster 15	1.6845112
TGATTAGATGACTG-1	Cluster 1	0.0
TGATTAGATGCTAG-1	Cluster 13	1.6975043
TGATTCACTATGCG-1	Cluster 13	3.0929296
TGATTCACTGTCAG-1	Cluster 1	0.0
TGATTCTGCCGAAT-1	Cluster 16	1.4407178
TGATTCTGCTCTTA-1	Cluster 16	2.0909004
TGCAAGTGAGAACA-1	Cluster 16	1.7659817
TGCAAGTGGGTAGG-1	Cluster 5	0.0
TGCAATCTTCAGGT-1	Cluster 7	0.0
TGCACAGACGACAT-1	Cluster 3	0.0
TGCCAAGAGCAGTT-1	Cluster 8	0.0
TGCCAAGATCTCTA-1	Cluster 16	2.3698874
TGCCACTGAACGTC-1	Cluster 15	0.0
TGCCACTGCGATAC-1	Cluster 3	2.421405
TGCCAGCTTGGCAT-1	Cluster 15	2.6903114
TGCCCAACAGCAAA-1	Cluster 11	1.521502
TGCCCAACCGCATA-1	Cluster 8	0.0
TGCCGACTCTCCCA-1	Cluster 1	0.0
TGCGAAACAGTCAC-1	Cluster 1	0.0
TGCGAAACGTTGCA-1	Cluster 1	0.0
TGCGATGAACGGTT-1	Cluster 12	1.8667848
TGCGATGACCTCGT-1	Cluster 13	0.0
TGCGATGACTAGTG-1	Cluster 1	0.0
TGCGATGACTGCTC-1	Cluster 1	0.0
TGCGATGACTTGCC-1	Cluster 1	0.0
TGCGATGAGTGCTA-1	Cluster 5	0.0
TGCGCACTCTTGAG-1	Cluster 5	0.0
TGCGTAGAATAAGG-1	Cluster 5	0.0
TGCGTAGACGGGAA-1	Cluster 1	0.0
TGCGTAGATGGTCA-1	Cluster 8	0.0
TGCTAGGAAACCGT-1	Cluster 14	2.3022702
TGCTAGGATAGTCG-1	Cluster 13	0.0
TGCTATACGGTTCA-1	Cluster 7	0.0
TGCTATACTGCTGA-1	Cluster 14	0.0
TGCTGAGAGAGCAG-1	Cluster 3	0.0
TGCTGAGATTATCC-1	Cluster 13	2.1116865
TGGAAAGACTCTCG-1	Cluster 1	0.0
TGGAAAGAGCGATT-1	Cluster 12	2.4353912
TGGAAAGAGGTCAT-1	Cluster 8	0.0
TGGAAAGATATGGC-1	Cluster 4	0.0
TGGAACACAAACAG-1	Cluster 3	0.0
TGGAACACGCTAAC-1	Cluster 14	2.5714355
TGGAAGCTCAGATC-1	Cluster 6	1.821102
TGGACCCTACACTG-1	Cluster 5	0.0
TGGACCCTCATGGT-1	Cluster 14	1.8293965
TGGACCCTGGTACT-1	Cluster 9	0.0
TGGACTGAGTATGC-1	Cluster 12	3.3515942
TGGAGACTATCAGC-1	Cluster 5	0.0
TGGAGACTTCAAGC-1	Cluster 13	3.0374074
TGGAGACTTGACCA-1	Cluster 10	3.1971684
TGGAGGGACGGAGA-1	Cluster 9	0.0
TGGAGGGAGCTATG-1	Cluster 13	0.0
TGGATCGATAAAGG-1	Cluster 6	2.1734056
TGGATGTGACCTAG-1	Cluster 1	0.0
TGGATGTGTGAAGA-1	Cluster 1	0.0
TGGATTCTCATACG-1	Cluster 14	2.5832353
TGGCAATGCTTGTT-1	Cluster 1	0.0
TGGCACCTTCACGA-1	Cluster 14	0.0
TGGCACCTTCAGTG-1	Cluster 5	0.0
TGGGTATGAAGAGT-1	Cluster 15	1.4375274
TGGGTATGCACAAC-1	Cluster 16	2.6321208
TGGGTATGGTACGT-1	Cluster 1	0.0
TGGGTATGTTTGGG-1	Cluster 9	0.0
TGGTAGACATGCCA-1	Cluster 16	0.0
TGGTAGACCCTCAC-1	Cluster 3	0.0
TGGTAGACCTGATG-1	Cluster 12	2.5488553
TGGTAGTGCACTGA-1	Cluster 8	0.0
TGGTATCTAAACAG-1	Cluster 13	2.7291467
TGGTATCTCTTCCG-1	Cluster 13	1.6149002
TGGTCAGACCCAAA-1	Cluster 2	0.0
TGGTTACTGACGTT-1	Cluster 5	0.0
TGGTTACTGTTCTT-1	Cluster 14	0.0
TGTAACCTAGAGGC-1	Cluster 16	1.5296664
TGTAACCTTGCCTC-1	Cluster 9	0.0
TGTAATGACACAAC-1	Cluster 3	0.0
TGTAATGAGGTAAA-1	Cluster 3	2.2298806
TGTACTTGCTCTAT-1	Cluster 8	0.0
TGTAGGTGCGAGAG-1	Cluster 1	0.0
TGTAGGTGCTATGG-1	Cluster 16	2.550161
TGTAGGTGCTCTAT-1	Cluster 7	0.0
TGTAGGTGTGCTGA-1	Cluster 13	2.5488553
TGTAGTCTTCCAGA-1	Cluster 2	0.0
TGTAGTCTTGCACA-1	Cluster 14	1.7216011
TGTATCTGTTAGGC-1	Cluster 16	2.3997154
TGTATGCTCATGGT-1	Cluster 1	0.0
TGTATGCTGTAGGG-1	Cluster 4	2.6909518
TGTATGCTTTCATC-1	Cluster 12	1.8052186
TGTCAGGAATACCG-1	Cluster 13	2.9481223
TGTCAGGAGATGAA-1	Cluster 8	0.0
TGTCTAACCCCTTG-1	Cluster 13	2.4079556
TGTGACGATTCTCA-1	Cluster 10	2.8413825
TGTGAGACTGTCAG-1	Cluster 8	0.0
TGTGAGACTTGAGC-1	Cluster 16	0.0
TGTGAGTGACCACA-1	Cluster 13	2.9932973
TGTGAGTGAGTGCT-1	Cluster 8	0.0
TGTGAGTGGAGATA-1	Cluster 10	2.4265637
TGTGATCTCTCTAT-1	Cluster 1	0.0
TGTGATCTGACACT-1	Cluster 14	0.0
TGTGGATGGCCAAT-1	Cluster 1	0.0
TGTTAAGACAAAGA-1	Cluster 5	0.0
TGTTAAGATAAGGA-1	Cluster 5	0.0
TGTTACACCGCATA-1	Cluster 8	0.0
TGTTACACGACTAC-1	Cluster 8	0.0
TGTTACTGGCTACA-1	Cluster 14	2.203292
TGTTACTGTAGTCG-1	Cluster 10	1.893615
TTAACCACCGTAAC-1	Cluster 14	2.3149176
TTAACCACTAAGGA-1	Cluster 10	2.2350817
TTAACCACTCAGAC-1	Cluster 14	1.8672471
TTACACACGTGTTG-1	Cluster 16	2.158026
TTACACACTCCTAT-1	Cluster 13	1.6068828
TTACCATGAATCGC-1	Cluster 5	0.0
TTACCATGGTTGAC-1	Cluster 13	2.1093495
TTACCATGTGTCTT-1	Cluster 14	0.0
TTACCATGTTGTGG-1	Cluster 1	0.0
TTACGACTGAGAGC-1	Cluster 16	3.1041174
TTACGACTTGACAC-1	Cluster 5	0.0
TTACGTACGTTCAG-1	Cluster 17	0.0
TTACTCGAAGAATG-1	Cluster 5	0.0
TTACTCGACGCAAT-1	Cluster 7	0.0
TTACTCGAGGGTGA-1	Cluster 13	2.1799896
TTACTCGATCTACT-1	Cluster 3	0.0
TTAGAATGTGGTGT-1	Cluster 13	0.0
TTAGAATGTGTAGC-1	Cluster 13	2.8302066
TTAGACCTCCTACC-1	Cluster 13	2.8388784
TTAGACCTCCTTTA-1	Cluster 5	0.0
TTAGCTACAACCGT-1	Cluster 6	3.5356545
TTAGCTACTGTCCC-1	Cluster 9	0.0
TTAGCTACTTTCGT-1	Cluster 11	2.8968742
TTAGGGACGCGAAG-1	Cluster 14	2.311635
TTAGGGTGCTGGAT-1	Cluster 1	0.0
TTAGGGTGTCCTGC-1	Cluster 9	0.0
TTAGGTCTACTTTC-1	Cluster 5	0.0
TTAGTCACCAGTTG-1	Cluster 12	2.7700143
TTAGTCTGAAAGCA-1	Cluster 1	0.0
TTAGTCTGCCAACA-1	Cluster 3	0.0
TTAGTCTGTGCACA-1	Cluster 16	1.9329935
TTATCCGACTAGTG-1	Cluster 1	0.0
TTATCCGAGAAAGT-1	Cluster 9	0.0
TTATGAGAGATAAG-1	Cluster 6	2.8014133
TTATGCACGTCACA-1	Cluster 1	0.0
TTATGGCTTATGGC-1	Cluster 7	0.9639603
TTATTCCTATGCTG-1	Cluster 9	0.0
TTATTCCTGGACAG-1	Cluster 1	0.0
TTATTCCTGGTACT-1	Cluster 1	0.0
TTATTCCTTCGTGA-1	Cluster 16	2.3374248
TTCAAAGATAAAGG-1	Cluster 14	2.239192
TTCAACACAACAGA-1	Cluster 13	1.6322217
TTCAACACCCCAAA-1	Cluster 5	0.0
TTCAACACGGACGA-1	Cluster 8	0.0
TTCAAGCTAAGAAC-1	Cluster 9	0.0
TTCAAGCTAGATGA-1	Cluster 13	2.0444553
TTCAAGCTGTTGAC-1	Cluster 14	2.881561
TTCAAGCTTGATGC-1	Cluster 16	2.8701086
TTCAAGCTTTCGCC-1	Cluster 13	2.435708
TTCACAACCCGTTC-1	Cluster 9	0.0
TTCACAACGTCTGA-1	Cluster 8	0.0
TTCAGACTACCCAA-1	Cluster 15	3.9454014
TTCAGACTCTCGAA-1	Cluster 6	2.285838
TTCAGTACCGACTA-1	Cluster 12	2.4709966
TTCAGTACTCAAGC-1	Cluster 13	2.6679196
TTCAGTACTCCTAT-1	Cluster 5	0.0
TTCAGTTGCCAAGT-1	Cluster 15	1.7905105
TTCAGTTGTCCTTA-1	Cluster 7	0.0
TTCAGTTGTCTAGG-1	Cluster 4	3.4044576
TTCAGTTGTCTCGC-1	Cluster 1	1.8503318
TTCATCGAGGTGGA-1	Cluster 5	0.0
TTCATGTGTGGTGT-1	Cluster 4	2.3903537
TTCATTCTATGTCG-1	Cluster 9	0.0
TTCATTCTTCTCTA-1	Cluster 13	3.2648518
TTCCAAACCTATGG-1	Cluster 5	0.0
TTCCAAACCTCCCA-1	Cluster 1	0.0
TTCCAAACTCCCAC-1	Cluster 3	0.0
TTCCAAACTTGACG-1	Cluster 10	2.955688
TTCCATGACGAGAG-1	Cluster 5	0.0
TTCCATGACTGTCC-1	Cluster 6	2.3536403
TTCCCACTTGAGGG-1	Cluster 3	0.0
TTCCCACTTGTCTT-1	Cluster 9	0.0
TTCCTAGAAAGTGA-1	Cluster 13	2.0073142
TTCCTAGACTAGTG-1	Cluster 8	1.8159121
TTCGAGGACTCTAT-1	Cluster 16	2.7451303
TTCGAGGAGGGCAA-1	Cluster 11	2.4860075
TTCGAGGATAGAAG-1	Cluster 8	0.0
TTCGATTGAGCATC-1	Cluster 4	0.0
TTCGGAGAATGCCA-1	Cluster 5	0.0
TTCGGAGATGTGCA-1	Cluster 11	2.866975
TTCGTATGAAAAGC-1	Cluster 10	1.7955194
TTCGTATGGATAGA-1	Cluster 10	3.266306
TTCGTATGGTCTGA-1	Cluster 6	2.288222
TTCGTATGTCCTTA-1	Cluster 9	0.0
TTCTACGAACGTAC-1	Cluster 15	1.6113607
TTCTACGAGTTGGT-1	Cluster 16	2.1661913
TTCTAGTGACACGT-1	Cluster 15	2.6570244
TTCTAGTGCATGAC-1	Cluster 5	0.0
TTCTAGTGGAGAGC-1	Cluster 3	0.0
TTCTAGTGGTCACA-1	Cluster 9	0.0
TTCTCAGAAGAGAT-1	Cluster 16	2.3161519
TTCTCAGAAGCATC-1	Cluster 1	0.0
TTCTCAGATGGAGG-1	Cluster 15	2.5137157
TTCTGATGGAGACG-1	Cluster 3	0.0
TTCTTACTCTGGAT-1	Cluster 8	0.0
TTGAACCTCCTTGC-1	Cluster 1	0.0
TTGAATGAACTACG-1	Cluster 8	0.0
TTGAATGACTTACT-1	Cluster 13	1.7504815
TTGAATGATCTCAT-1	Cluster 1	0.0
TTGACACTCTGTAG-1	Cluster 14	2.7997198
TTGACACTGATAAG-1	Cluster 1	0.0
TTGAGGACAGAACA-1	Cluster 5	0.0
TTGAGGACTACGCA-1	Cluster 7	0.0
TTGAGGTGGACGGA-1	Cluster 13	2.3929102
TTGCATTGAGCTAC-1	Cluster 10	4.335184
TTGCATTGCTAAGC-1	Cluster 5	1.4058071
TTGCATTGTGACTG-1	Cluster 16	0.0
TTGCTAACACCAAC-1	Cluster 14	2.8104181
TTGCTAACACGCTA-1	Cluster 8	0.0
TTGCTAACCACTCC-1	Cluster 13	1.8159121
TTGCTATGGTACGT-1	Cluster 9	0.0
TTGCTATGGTAGGG-1	Cluster 8	0.0
TTGGAGACCAATCG-1	Cluster 16	2.3609989
TTGGAGACGCTATG-1	Cluster 5	0.0
TTGGAGACTATGGC-1	Cluster 1	0.0
TTGGGAACTGAACC-1	Cluster 13	2.77776
TTGGTACTACTGGT-1	Cluster 9	0.0
TTGGTACTCTTAGG-1	Cluster 13	0.0
TTGGTACTGAATCC-1	Cluster 1	0.0
TTGGTACTGGATTC-1	Cluster 1	0.0
TTGTACACGTTGTG-1	Cluster 1	0.0
TTGTACACTTGCAG-1	Cluster 15	2.6584632
TTGTAGCTAGCTCA-1	Cluster 16	1.6033854
TTGTAGCTCTCTTA-1	Cluster 1	1.7372413
TTGTCATGGACGGA-1	Cluster 3	0.0
TTTAGAGATCCTCG-1	Cluster 1	0.0
TTTAGCTGATACCG-1	Cluster 13	2.1110485
TTTAGCTGGATACC-1	Cluster 5	0.0
TTTAGCTGTACTCT-1	Cluster 7	0.0
TTTAGGCTCCTTTA-1	Cluster 5	0.0
TTTATCCTGTTGTG-1	Cluster 9	0.0
TTTCACGAGGTTCA-1	Cluster 6	1.7765071
TTTCAGTGGAAGGC-1	Cluster 14	1.8893131
TTTCAGTGTCACGA-1	Cluster 1	0.0
TTTCAGTGTCTATC-1	Cluster 5	0.0
TTTCAGTGTGCAGT-1	Cluster 1	0.0
TTTCCAGAGGTGAG-1	Cluster 15	2.6890318
TTTCGAACACCTGA-1	Cluster 1	0.0
TTTCGAACTCTCAT-1	Cluster 5	0.0
TTTCTACTGAGGCA-1	Cluster 2	0.0
TTTCTACTTCCTCG-1	Cluster 1	0.0
TTTGCATGAGAGGC-1	Cluster 1	0.0
TTTGCATGCCTCAC-1	Cluster 6	2.4047415
AAACATTGAGCTAC-1	Cluster 1	0.0
AAACTTGAAAAACG-1	Cluster 1	0.0
AAAGGCCTGTCTAG-1	Cluster 1	1.9503806
AAAGTTTGATCACG-1	Cluster 1	6.5
AAAGTTTGGGGTGA-1	Cluster 1	0.0
AAATCAACAATGCC-1	Cluster 1	0.0
AAATCCCTGCTATG-1	Cluster 1	0.0
AACCGATGGTCATG-1	Cluster 1	5.8
AACGTGTGGCGGAA-1	Cluster 1	0.0
AACTTGCTACGCTA-1	Cluster 1	0.0
ACTCTCCTGACACT-1	Cluster 2	0.0
TGTAGTCTTCCAGA-1	Cluster 2	0.0
TGGTCAGACCCAAA-1	Cluster 2	6.2
TTTCTACTGTTTGG-1	Cluster 2	0.0
AAACCGTGTATGCG-1	Cluster 3	0.0
AAATTCGATTCTCA-1	Cluster 3	0.0
AACGCCCTCGTACA-1	Cluster 3	0.0
AAGCAAGAGGTGTT-1	Cluster 3	0.0
AAGTAGGATACAGC-1	Cluster 3	5.5
AATACTGAATTGGC-1	Cluster 3	0.0
AAATTCGAAGGTTC-1	Cluster 4	1.5365024
ACAGACACGTTGTG-1	Cluster 4	2.4052
AGCATCGAAGATCC-1	Cluster 4	6.8
AGCACAACAGTCTG-1	Cluster 4	2.96844
TATTTCCTGGTGTT-1	Cluster 4	0.0
AAAGAGACGCGAGA-1	Cluster 5	1.4576794
AAAGTTTGATCACG-1	Cluster 5	0.0
AAATCAACCCTATT-1	Cluster 5	0.0
AACACGTGGAACCT-1	Cluster 5	0.0
AACCAGTGATACCG-1	Cluster 5	6.0
AAACTTGATCCAGA-1	Cluster 6	2.236574
AACACGTGCAGAGG-1	Cluster 6	3.3590674
AACACGTGGAAAGT-1	Cluster 6	2.1516209
AACCAGCTCAGAAA-1	Cluster 6	2.237695
AAGCCAACGTGTTG-1	Cluster 6	7.0
AAGATTACCGCCTT-1	Cluster 7	0.0
AATTACGAATTCCT-1	Cluster 7	0.0
AATGCGTGGACGGA-1	Cluster 7	0.0
ACTTAAGATTACTC-1	Cluster 7	0.0
TGCAATCTTCAGGT-1	Cluster 7	5.7
AAACGCTGTTTCTG-1	Cluster 8	0.0
AAATCAACCCTATT-1	Cluster 8	1.0154347
AAATCATGACCACA-1	Cluster 8	0.0
AACCAGTGATACCG-1	Cluster 8	0.0
AAGTTCCTCATTCT-1	Cluster 8	6.3
AAACCGTGCTTCCG-1	Cluster 9	0.0
AAAGCAGATATCGG-1	Cluster 9	0.0
AAATGTTGTGGCAT-1	Cluster 9	0.0
AAGATGGAGAACTC-1	Cluster 9	0.0
AAGATGGAGATAAG-1	Cluster 9	5.9
AAGCAAGAGCTTAG-1	Cluster 10	1.7238681
AAGCACTGCATACG-1	Cluster 10	3.2544978
AAGGCTTGCGAACT-1	Cluster 10	3.2222612
ACAATTGACTGACA-1	Cluster 10	2.3260942
ACGATTCTACGGGA-1	Cluster 10	6.7
ACCATTTGTCATTC-1	Cluster 11	3.230274
ACGATGACAATGCC-1	Cluster 11	2.6642432
AGCGGCTGATGTGC-1	Cluster 11	1.6877365
TTCGAGGAGGGCAA-1	Cluster 11	2.4860075
TAAGCGTGGGAAAT-1	Cluster 11	7.2
AAACATTGATCAGC-1	Cluster 12	3.4890895
AAACGCACTGGTAC-1	Cluster 12	1.7265224
AACAATACGACGAG-1	Cluster 12	2.3519182
AACACGTGGCTACA-1	Cluster 12	3.1619205
AACGCAACAAGTAG-1	Cluster 12	6.4
AAAGCCTGTATGCG-1	Cluster 16	2.0577414
AACCGATGCTCCCA-1	Cluster 16	2.2736297
AACCGCCTAGCGTT-1	Cluster 16	1.373458
AACCTTTGGACGGA-1	Cluster 16	3.008119
AACGCATGACCCAA-1	Cluster 16	6.9
AAACATACAACCAC-1	Cluster 14	2.863463
AAACGCTGGTTCTT-1	Cluster 14	2.6584632
AAACGCTGTAGCCA-1	Cluster 14	2.1789465
AAATTGACACGACT-1	Cluster 14	2.248991
AAGCAAGAGCGAGA-1	Cluster 14	7.1
AAAGAGACGAGATA-1	Cluster 15	3.4019158
AAATGTTGCCACAA-1	Cluster 15	2.5142376
AACGCCCTCGGGAA-1	Cluster 15	1.6084785
ACATGGTGAAGCCT-1	Cluster 15	3.1819913
AATGTCCTCTTCTA-1	Cluster 15	6.6
AAATCAACCAGGAG-1	Cluster 13	2.726585
AAATCAACGGAAGC-1	Cluster 13	2.734158
AAATTCGAGGAGTG-1	Cluster 13	3.0505743
AACCCAGATCGCTC-1	Cluster 13	2.894371
AAGCGTACGTCTTT-1	Cluster 13	7.3
ACCCACTGGTTCAG-1	Cluster 17	0.0
ATCATCTGACACCA-1	Cluster 17	0.0
GTCATACTTCGCCT-1	Cluster 17	0.0
TTACGTACGTTCAG-1	Cluster 17	0.0
TTACTCGAAGAATG-1	Cluster 17	6.1
